ano_sinistro;indicador;categoria;obitos;Populacao
2014;Codigo IBGE;3502804;1;44035304
2014;Codigo IBGE;3505203;1;44035304
2014;Codigo IBGE;3505500;1;44035304
2014;Codigo IBGE;3509502;1;44035304
2014;Codigo IBGE;3510609;1;44035304
2014;Codigo IBGE;3529401;1;44035304
2014;Codigo IBGE;3541000;1;44035304
2014;Codigo IBGE;3547809;1;44035304
2014;Codigo IBGE;3550308;2;44035304
2014;Codigo IBGE;3552502;1;44035304
2015;Codigo IBGE;3500105;4;44396484
2015;Codigo IBGE;3500303;7;44396484
2015;Codigo IBGE;3500402;1;44396484
2015;Codigo IBGE;3500501;2;44396484
2015;Codigo IBGE;3500550;5;44396484
2015;Codigo IBGE;3500600;1;44396484
2015;Codigo IBGE;3500709;6;44396484
2015;Codigo IBGE;3500758;1;44396484
2015;Codigo IBGE;3500907;2;44396484
2015;Codigo IBGE;3501004;4;44396484
2015;Codigo IBGE;3501103;2;44396484
2015;Codigo IBGE;3501152;3;44396484
2015;Codigo IBGE;3501202;2;44396484
2015;Codigo IBGE;3501301;4;44396484
2015;Codigo IBGE;3501608;25;44396484
2015;Codigo IBGE;3501707;4;44396484
2015;Codigo IBGE;3501806;2;44396484
2015;Codigo IBGE;3501905;24;44396484
2015;Codigo IBGE;3502002;2;44396484
2015;Codigo IBGE;3502101;3;44396484
2015;Codigo IBGE;3502200;3;44396484
2015;Codigo IBGE;3502309;2;44396484
2015;Codigo IBGE;3502408;2;44396484
2015;Codigo IBGE;3502507;12;44396484
2015;Codigo IBGE;3502705;3;44396484
2015;Codigo IBGE;3502754;10;44396484
2015;Codigo IBGE;3502804;42;44396484
2015;Codigo IBGE;3502903;5;44396484
2015;Codigo IBGE;3503109;1;44396484
2015;Codigo IBGE;3503208;48;44396484
2015;Codigo IBGE;3503307;22;44396484
2015;Codigo IBGE;3503356;1;44396484
2015;Codigo IBGE;3503703;8;44396484
2015;Codigo IBGE;3503802;7;44396484
2015;Codigo IBGE;3503901;9;44396484
2015;Codigo IBGE;3503950;1;44396484
2015;Codigo IBGE;3504008;17;44396484
2015;Codigo IBGE;3504107;34;44396484
2015;Codigo IBGE;3504404;4;44396484
2015;Codigo IBGE;3504503;14;44396484
2015;Codigo IBGE;3504602;5;44396484
2015;Codigo IBGE;3504800;2;44396484
2015;Codigo IBGE;3504909;2;44396484
2015;Codigo IBGE;3505005;1;44396484
2015;Codigo IBGE;3505104;1;44396484
2015;Codigo IBGE;3505203;3;44396484
2015;Codigo IBGE;3505302;8;44396484
2015;Codigo IBGE;3505401;1;44396484
2015;Codigo IBGE;3505500;26;44396484
2015;Codigo IBGE;3505609;5;44396484
2015;Codigo IBGE;3505708;41;44396484
2015;Codigo IBGE;3505807;3;44396484
2015;Codigo IBGE;3505906;14;44396484
2015;Codigo IBGE;3506003;41;44396484
2015;Codigo IBGE;3506102;15;44396484
2015;Codigo IBGE;3506201;3;44396484
2015;Codigo IBGE;3506300;6;44396484
2015;Codigo IBGE;3506359;19;44396484
2015;Codigo IBGE;3506508;16;44396484
2015;Codigo IBGE;3506607;7;44396484
2015;Codigo IBGE;3506706;5;44396484
2015;Codigo IBGE;3506904;3;44396484
2015;Codigo IBGE;3507001;7;44396484
2015;Codigo IBGE;3507100;1;44396484
2015;Codigo IBGE;3507159;2;44396484
2015;Codigo IBGE;3507308;1;44396484
2015;Codigo IBGE;3507407;6;44396484
2015;Codigo IBGE;3507506;32;44396484
2015;Codigo IBGE;3507605;52;44396484
2015;Codigo IBGE;3507704;1;44396484
2015;Codigo IBGE;3507803;1;44396484
2015;Codigo IBGE;3507902;9;44396484
2015;Codigo IBGE;3508009;2;44396484
2015;Codigo IBGE;3508108;5;44396484
2015;Codigo IBGE;3508207;2;44396484
2015;Codigo IBGE;3508306;1;44396484
2015;Codigo IBGE;3508405;5;44396484
2015;Codigo IBGE;3508504;23;44396484
2015;Codigo IBGE;3508603;8;44396484
2015;Codigo IBGE;3508702;2;44396484
2015;Codigo IBGE;3508801;4;44396484
2015;Codigo IBGE;3509007;14;44396484
2015;Codigo IBGE;3509106;2;44396484
2015;Codigo IBGE;3509205;9;44396484
2015;Codigo IBGE;3509254;5;44396484
2015;Codigo IBGE;3509304;2;44396484
2015;Codigo IBGE;3509403;1;44396484
2015;Codigo IBGE;3509452;2;44396484
2015;Codigo IBGE;3509502;185;44396484
2015;Codigo IBGE;3509601;6;44396484
2015;Codigo IBGE;3509700;5;44396484
2015;Codigo IBGE;3509809;2;44396484
2015;Codigo IBGE;3509908;3;44396484
2015;Codigo IBGE;3509957;2;44396484
2015;Codigo IBGE;3510005;2;44396484
2015;Codigo IBGE;3510104;1;44396484
2015;Codigo IBGE;3510153;2;44396484
2015;Codigo IBGE;3510203;9;44396484
2015;Codigo IBGE;3510302;7;44396484
2015;Codigo IBGE;3510401;8;44396484
2015;Codigo IBGE;3510500;14;44396484
2015;Codigo IBGE;3510609;18;44396484
2015;Codigo IBGE;3510708;4;44396484
2015;Codigo IBGE;3510807;8;44396484
2015;Codigo IBGE;3510906;1;44396484
2015;Codigo IBGE;3511003;3;44396484
2015;Codigo IBGE;3511102;36;44396484
2015;Codigo IBGE;3511201;4;44396484
2015;Codigo IBGE;3511300;5;44396484
2015;Codigo IBGE;3511409;2;44396484
2015;Codigo IBGE;3511508;12;44396484
2015;Codigo IBGE;3511607;6;44396484
2015;Codigo IBGE;3511706;2;44396484
2015;Codigo IBGE;3511904;1;44396484
2015;Codigo IBGE;3512001;4;44396484
2015;Codigo IBGE;3512100;5;44396484
2015;Codigo IBGE;3512209;1;44396484
2015;Codigo IBGE;3512308;6;44396484
2015;Codigo IBGE;3512407;3;44396484
2015;Codigo IBGE;3512506;4;44396484
2015;Codigo IBGE;3512605;2;44396484
2015;Codigo IBGE;3512704;1;44396484
2015;Codigo IBGE;3512803;11;44396484
2015;Codigo IBGE;3512902;2;44396484
2015;Codigo IBGE;3513009;33;44396484
2015;Codigo IBGE;3513108;5;44396484
2015;Codigo IBGE;3513207;2;44396484
2015;Codigo IBGE;3513306;1;44396484
2015;Codigo IBGE;3513405;13;44396484
2015;Codigo IBGE;3513504;23;44396484
2015;Codigo IBGE;3513603;5;44396484
2015;Codigo IBGE;3513702;3;44396484
2015;Codigo IBGE;3513801;44;44396484
2015;Codigo IBGE;3513900;2;44396484
2015;Codigo IBGE;3514007;7;44396484
2015;Codigo IBGE;3514106;6;44396484
2015;Codigo IBGE;3514403;6;44396484
2015;Codigo IBGE;3514502;3;44396484
2015;Codigo IBGE;3514601;5;44396484
2015;Codigo IBGE;3514700;5;44396484
2015;Codigo IBGE;3514809;1;44396484
2015;Codigo IBGE;3514908;4;44396484
2015;Codigo IBGE;3514924;2;44396484
2015;Codigo IBGE;3515004;22;44396484
2015;Codigo IBGE;3515103;11;44396484
2015;Codigo IBGE;3515152;9;44396484
2015;Codigo IBGE;3515186;2;44396484
2015;Codigo IBGE;3515194;4;44396484
2015;Codigo IBGE;3515202;1;44396484
2015;Codigo IBGE;3515301;1;44396484
2015;Codigo IBGE;3515350;2;44396484
2015;Codigo IBGE;3515400;2;44396484
2015;Codigo IBGE;3515509;17;44396484
2015;Codigo IBGE;3515707;12;44396484
2015;Codigo IBGE;3515806;1;44396484
2015;Codigo IBGE;3515905;1;44396484
2015;Codigo IBGE;3516002;1;44396484
2015;Codigo IBGE;3516200;36;44396484
2015;Codigo IBGE;3516309;5;44396484
2015;Codigo IBGE;3516408;27;44396484
2015;Codigo IBGE;3516507;1;44396484
2015;Codigo IBGE;3516705;5;44396484
2015;Codigo IBGE;3516853;3;44396484
2015;Codigo IBGE;3516903;2;44396484
2015;Codigo IBGE;3517000;5;44396484
2015;Codigo IBGE;3517109;2;44396484
2015;Codigo IBGE;3517208;2;44396484
2015;Codigo IBGE;3517307;2;44396484
2015;Codigo IBGE;3517406;9;44396484
2015;Codigo IBGE;3517505;3;44396484
2015;Codigo IBGE;3517604;1;44396484
2015;Codigo IBGE;3517703;2;44396484
2015;Codigo IBGE;3517901;4;44396484
2015;Codigo IBGE;3518107;2;44396484
2015;Codigo IBGE;3518206;5;44396484
2015;Codigo IBGE;3518305;16;44396484
2015;Codigo IBGE;3518404;25;44396484
2015;Codigo IBGE;3518503;1;44396484
2015;Codigo IBGE;3518602;6;44396484
2015;Codigo IBGE;3518701;48;44396484
2015;Codigo IBGE;3518800;155;44396484
2015;Codigo IBGE;3518859;7;44396484
2015;Codigo IBGE;3518909;2;44396484
2015;Codigo IBGE;3519055;2;44396484
2015;Codigo IBGE;3519071;24;44396484
2015;Codigo IBGE;3519253;7;44396484
2015;Codigo IBGE;3519303;4;44396484
2015;Codigo IBGE;3519402;6;44396484
2015;Codigo IBGE;3519501;1;44396484
2015;Codigo IBGE;3519600;10;44396484
2015;Codigo IBGE;3519709;19;44396484
2015;Codigo IBGE;3519808;6;44396484
2015;Codigo IBGE;3519907;1;44396484
2015;Codigo IBGE;3520004;1;44396484
2015;Codigo IBGE;3520103;10;44396484
2015;Codigo IBGE;3520202;9;44396484
2015;Codigo IBGE;3520301;6;44396484
2015;Codigo IBGE;3520400;2;44396484
2015;Codigo IBGE;3520426;3;44396484
2015;Codigo IBGE;3520442;7;44396484
2015;Codigo IBGE;3520509;27;44396484
2015;Codigo IBGE;3520608;1;44396484
2015;Codigo IBGE;3520905;3;44396484
2015;Codigo IBGE;3521002;3;44396484
2015;Codigo IBGE;3521101;2;44396484
2015;Codigo IBGE;3521150;1;44396484
2015;Codigo IBGE;3521200;1;44396484
2015;Codigo IBGE;3521408;1;44396484
2015;Codigo IBGE;3521606;1;44396484
2015;Codigo IBGE;3521705;5;44396484
2015;Codigo IBGE;3521804;7;44396484
2015;Codigo IBGE;3521903;4;44396484
2015;Codigo IBGE;3522109;18;44396484
2015;Codigo IBGE;3522158;1;44396484
2015;Codigo IBGE;3522208;27;44396484
2015;Codigo IBGE;3522307;45;44396484
2015;Codigo IBGE;3522406;20;44396484
2015;Codigo IBGE;3522505;31;44396484
2015;Codigo IBGE;3522604;21;44396484
2015;Codigo IBGE;3522653;2;44396484
2015;Codigo IBGE;3522703;8;44396484
2015;Codigo IBGE;3522802;2;44396484
2015;Codigo IBGE;3523107;48;44396484
2015;Codigo IBGE;3523206;4;44396484
2015;Codigo IBGE;3523305;3;44396484
2015;Codigo IBGE;3523404;10;44396484
2015;Codigo IBGE;3523503;7;44396484
2015;Codigo IBGE;3523602;5;44396484
2015;Codigo IBGE;3523701;1;44396484
2015;Codigo IBGE;3523800;3;44396484
2015;Codigo IBGE;3523909;40;44396484
2015;Codigo IBGE;3524006;6;44396484
2015;Codigo IBGE;3524105;8;44396484
2015;Codigo IBGE;3524303;21;44396484
2015;Codigo IBGE;3524402;32;44396484
2015;Codigo IBGE;3524600;5;44396484
2015;Codigo IBGE;3524709;8;44396484
2015;Codigo IBGE;3524808;10;44396484
2015;Codigo IBGE;3525003;2;44396484
2015;Codigo IBGE;3525102;13;44396484
2015;Codigo IBGE;3525201;9;44396484
2015;Codigo IBGE;3525300;32;44396484
2015;Codigo IBGE;3525409;1;44396484
2015;Codigo IBGE;3525508;1;44396484
2015;Codigo IBGE;3525607;3;44396484
2015;Codigo IBGE;3525706;19;44396484
2015;Codigo IBGE;3525805;1;44396484
2015;Codigo IBGE;3525904;83;44396484
2015;Codigo IBGE;3526100;8;44396484
2015;Codigo IBGE;3526209;15;44396484
2015;Codigo IBGE;3526407;3;44396484
2015;Codigo IBGE;3526506;2;44396484
2015;Codigo IBGE;3526605;5;44396484
2015;Codigo IBGE;3526704;11;44396484
2015;Codigo IBGE;3526803;12;44396484
2015;Codigo IBGE;3526902;60;44396484
2015;Codigo IBGE;3527009;2;44396484
2015;Codigo IBGE;3527108;12;44396484
2015;Codigo IBGE;3527207;17;44396484
2015;Codigo IBGE;3527256;1;44396484
2015;Codigo IBGE;3527306;5;44396484
2015;Codigo IBGE;3527405;6;44396484
2015;Codigo IBGE;3527504;2;44396484
2015;Codigo IBGE;3527603;1;44396484
2015;Codigo IBGE;3527801;2;44396484
2015;Codigo IBGE;3528007;7;44396484
2015;Codigo IBGE;3528106;1;44396484
2015;Codigo IBGE;3528304;1;44396484
2015;Codigo IBGE;3528403;11;44396484
2015;Codigo IBGE;3528502;18;44396484
2015;Codigo IBGE;3528601;2;44396484
2015;Codigo IBGE;3528700;1;44396484
2015;Codigo IBGE;3528809;4;44396484
2015;Codigo IBGE;3528858;1;44396484
2015;Codigo IBGE;3528908;1;44396484
2015;Codigo IBGE;3529005;43;44396484
2015;Codigo IBGE;3529203;9;44396484
2015;Codigo IBGE;3529302;12;44396484
2015;Codigo IBGE;3529401;35;44396484
2015;Codigo IBGE;3529500;1;44396484
2015;Codigo IBGE;3529609;2;44396484
2015;Codigo IBGE;3529708;2;44396484
2015;Codigo IBGE;3529807;1;44396484
2015;Codigo IBGE;3529906;27;44396484
2015;Codigo IBGE;3530003;2;44396484
2015;Codigo IBGE;3530102;3;44396484
2015;Codigo IBGE;3530201;2;44396484
2015;Codigo IBGE;3530300;7;44396484
2015;Codigo IBGE;3530409;1;44396484
2015;Codigo IBGE;3530508;15;44396484
2015;Codigo IBGE;3530607;69;44396484
2015;Codigo IBGE;3530706;20;44396484
2015;Codigo IBGE;3530805;20;44396484
2015;Codigo IBGE;3531001;1;44396484
2015;Codigo IBGE;3531100;14;44396484
2015;Codigo IBGE;3531308;9;44396484
2015;Codigo IBGE;3531407;3;44396484
2015;Codigo IBGE;3531506;1;44396484
2015;Codigo IBGE;3531704;2;44396484
2015;Codigo IBGE;3531803;13;44396484
2015;Codigo IBGE;3531902;5;44396484
2015;Codigo IBGE;3532009;5;44396484
2015;Codigo IBGE;3532058;1;44396484
2015;Codigo IBGE;3532306;1;44396484
2015;Codigo IBGE;3532405;3;44396484
2015;Codigo IBGE;3532603;5;44396484
2015;Codigo IBGE;3532702;5;44396484
2015;Codigo IBGE;3532801;2;44396484
2015;Codigo IBGE;3533007;1;44396484
2015;Codigo IBGE;3533254;1;44396484
2015;Codigo IBGE;3533403;18;44396484
2015;Codigo IBGE;3533502;10;44396484
2015;Codigo IBGE;3533700;2;44396484
2015;Codigo IBGE;3533908;12;44396484
2015;Codigo IBGE;3534005;2;44396484
2015;Codigo IBGE;3534104;2;44396484
2015;Codigo IBGE;3534302;4;44396484
2015;Codigo IBGE;3534401;83;44396484
2015;Codigo IBGE;3534500;1;44396484
2015;Codigo IBGE;3534609;1;44396484
2015;Codigo IBGE;3534708;23;44396484
2015;Codigo IBGE;3534757;5;44396484
2015;Codigo IBGE;3534906;1;44396484
2015;Codigo IBGE;3535002;5;44396484
2015;Codigo IBGE;3535101;2;44396484
2015;Codigo IBGE;3535200;4;44396484
2015;Codigo IBGE;3535309;4;44396484
2015;Codigo IBGE;3535408;1;44396484
2015;Codigo IBGE;3535507;6;44396484
2015;Codigo IBGE;3535606;7;44396484
2015;Codigo IBGE;3535705;5;44396484
2015;Codigo IBGE;3535804;4;44396484
2015;Codigo IBGE;3536000;8;44396484
2015;Codigo IBGE;3536109;3;44396484
2015;Codigo IBGE;3536208;21;44396484
2015;Codigo IBGE;3536257;2;44396484
2015;Codigo IBGE;3536307;2;44396484
2015;Codigo IBGE;3536406;3;44396484
2015;Codigo IBGE;3536505;9;44396484
2015;Codigo IBGE;3536604;1;44396484
2015;Codigo IBGE;3536703;13;44396484
2015;Codigo IBGE;3536802;2;44396484
2015;Codigo IBGE;3537008;2;44396484
2015;Codigo IBGE;3537107;4;44396484
2015;Codigo IBGE;3537206;5;44396484
2015;Codigo IBGE;3537305;15;44396484
2015;Codigo IBGE;3537404;8;44396484
2015;Codigo IBGE;3537503;5;44396484
2015;Codigo IBGE;3537602;11;44396484
2015;Codigo IBGE;3537701;2;44396484
2015;Codigo IBGE;3537800;11;44396484
2015;Codigo IBGE;3537909;3;44396484
2015;Codigo IBGE;3538006;28;44396484
2015;Codigo IBGE;3538105;6;44396484
2015;Codigo IBGE;3538204;3;44396484
2015;Codigo IBGE;3538501;5;44396484
2015;Codigo IBGE;3538600;5;44396484
2015;Codigo IBGE;3538709;63;44396484
2015;Codigo IBGE;3538808;5;44396484
2015;Codigo IBGE;3538907;6;44396484
2015;Codigo IBGE;3539004;1;44396484
2015;Codigo IBGE;3539103;2;44396484
2015;Codigo IBGE;3539202;7;44396484
2015;Codigo IBGE;3539301;14;44396484
2015;Codigo IBGE;3539400;3;44396484
2015;Codigo IBGE;3539509;5;44396484
2015;Codigo IBGE;3539608;4;44396484
2015;Codigo IBGE;3539806;4;44396484
2015;Codigo IBGE;3539905;5;44396484
2015;Codigo IBGE;3540002;1;44396484
2015;Codigo IBGE;3540101;2;44396484
2015;Codigo IBGE;3540200;10;44396484
2015;Codigo IBGE;3540259;3;44396484
2015;Codigo IBGE;3540507;5;44396484
2015;Codigo IBGE;3540606;15;44396484
2015;Codigo IBGE;3540705;8;44396484
2015;Codigo IBGE;3540754;1;44396484
2015;Codigo IBGE;3540804;4;44396484
2015;Codigo IBGE;3540903;4;44396484
2015;Codigo IBGE;3541000;60;44396484
2015;Codigo IBGE;3541059;2;44396484
2015;Codigo IBGE;3541109;1;44396484
2015;Codigo IBGE;3541208;2;44396484
2015;Codigo IBGE;3541307;9;44396484
2015;Codigo IBGE;3541406;56;44396484
2015;Codigo IBGE;3541505;6;44396484
2015;Codigo IBGE;3541604;8;44396484
2015;Codigo IBGE;3541653;4;44396484
2015;Codigo IBGE;3541901;3;44396484
2015;Codigo IBGE;3542008;2;44396484
2015;Codigo IBGE;3542107;3;44396484
2015;Codigo IBGE;3542206;2;44396484
2015;Codigo IBGE;3542305;3;44396484
2015;Codigo IBGE;3542404;3;44396484
2015;Codigo IBGE;3542503;2;44396484
2015;Codigo IBGE;3542602;11;44396484
2015;Codigo IBGE;3542701;2;44396484
2015;Codigo IBGE;3542909;3;44396484
2015;Codigo IBGE;3543006;2;44396484
2015;Codigo IBGE;3543105;1;44396484
2015;Codigo IBGE;3543303;18;44396484
2015;Codigo IBGE;3543402;84;44396484
2015;Codigo IBGE;3543600;1;44396484
2015;Codigo IBGE;3543709;3;44396484
2015;Codigo IBGE;3543808;2;44396484
2015;Codigo IBGE;3543907;23;44396484
2015;Codigo IBGE;3544004;9;44396484
2015;Codigo IBGE;3544103;3;44396484
2015;Codigo IBGE;3544251;6;44396484
2015;Codigo IBGE;3544301;3;44396484
2015;Codigo IBGE;3544509;1;44396484
2015;Codigo IBGE;3544806;2;44396484
2015;Codigo IBGE;3544905;6;44396484
2015;Codigo IBGE;3545001;3;44396484
2015;Codigo IBGE;3545100;2;44396484
2015;Codigo IBGE;3545159;1;44396484
2015;Codigo IBGE;3545209;14;44396484
2015;Codigo IBGE;3545308;16;44396484
2015;Codigo IBGE;3545407;4;44396484
2015;Codigo IBGE;3545605;10;44396484
2015;Codigo IBGE;3545704;1;44396484
2015;Codigo IBGE;3545803;19;44396484
2015;Codigo IBGE;3546009;1;44396484
2015;Codigo IBGE;3546207;3;44396484
2015;Codigo IBGE;3546256;1;44396484
2015;Codigo IBGE;3546306;6;44396484
2015;Codigo IBGE;3546405;11;44396484
2015;Codigo IBGE;3546504;2;44396484
2015;Codigo IBGE;3546603;8;44396484
2015;Codigo IBGE;3546702;2;44396484
2015;Codigo IBGE;3546801;9;44396484
2015;Codigo IBGE;3547007;2;44396484
2015;Codigo IBGE;3547106;2;44396484
2015;Codigo IBGE;3547304;11;44396484
2015;Codigo IBGE;3547403;1;44396484
2015;Codigo IBGE;3547502;6;44396484
2015;Codigo IBGE;3547601;1;44396484
2015;Codigo IBGE;3547700;1;44396484
2015;Codigo IBGE;3547809;62;44396484
2015;Codigo IBGE;3548005;6;44396484
2015;Codigo IBGE;3548054;3;44396484
2015;Codigo IBGE;3548104;3;44396484
2015;Codigo IBGE;3548203;2;44396484
2015;Codigo IBGE;3548302;1;44396484
2015;Codigo IBGE;3548401;3;44396484
2015;Codigo IBGE;3548500;58;44396484
2015;Codigo IBGE;3548609;1;44396484
2015;Codigo IBGE;3548708;91;44396484
2015;Codigo IBGE;3548807;4;44396484
2015;Codigo IBGE;3548906;45;44396484
2015;Codigo IBGE;3549102;18;44396484
2015;Codigo IBGE;3549250;1;44396484
2015;Codigo IBGE;3549409;12;44396484
2015;Codigo IBGE;3549508;2;44396484
2015;Codigo IBGE;3549706;10;44396484
2015;Codigo IBGE;3549805;76;44396484
2015;Codigo IBGE;3549904;91;44396484
2015;Codigo IBGE;3549953;4;44396484
2015;Codigo IBGE;3550001;1;44396484
2015;Codigo IBGE;3550100;4;44396484
2015;Codigo IBGE;3550209;4;44396484
2015;Codigo IBGE;3550308;1100;44396484
2015;Codigo IBGE;3550407;3;44396484
2015;Codigo IBGE;3550506;3;44396484
2015;Codigo IBGE;3550605;14;44396484
2015;Codigo IBGE;3550704;18;44396484
2015;Codigo IBGE;3550902;2;44396484
2015;Codigo IBGE;3551009;39;44396484
2015;Codigo IBGE;3551108;2;44396484
2015;Codigo IBGE;3551207;2;44396484
2015;Codigo IBGE;3551405;2;44396484
2015;Codigo IBGE;3551603;3;44396484
2015;Codigo IBGE;3551702;20;44396484
2015;Codigo IBGE;3551801;6;44396484
2015;Codigo IBGE;3551900;2;44396484
2015;Codigo IBGE;3552106;11;44396484
2015;Codigo IBGE;3552205;97;44396484
2015;Codigo IBGE;3552304;3;44396484
2015;Codigo IBGE;3552403;36;44396484
2015;Codigo IBGE;3552502;25;44396484
2015;Codigo IBGE;3552551;2;44396484
2015;Codigo IBGE;3552601;3;44396484
2015;Codigo IBGE;3552700;7;44396484
2015;Codigo IBGE;3552809;26;44396484
2015;Codigo IBGE;3552908;1;44396484
2015;Codigo IBGE;3553005;8;44396484
2015;Codigo IBGE;3553203;4;44396484
2015;Codigo IBGE;3553302;5;44396484
2015;Codigo IBGE;3553401;9;44396484
2015;Codigo IBGE;3553500;1;44396484
2015;Codigo IBGE;3553609;1;44396484
2015;Codigo IBGE;3553708;11;44396484
2015;Codigo IBGE;3553807;10;44396484
2015;Codigo IBGE;3553856;6;44396484
2015;Codigo IBGE;3553955;2;44396484
2015;Codigo IBGE;3554003;14;44396484
2015;Codigo IBGE;3554102;50;44396484
2015;Codigo IBGE;3554201;1;44396484
2015;Codigo IBGE;3554300;1;44396484
2015;Codigo IBGE;3554409;2;44396484
2015;Codigo IBGE;3554508;9;44396484
2015;Codigo IBGE;3554607;1;44396484
2015;Codigo IBGE;3554706;3;44396484
2015;Codigo IBGE;3554755;2;44396484
2015;Codigo IBGE;3554805;7;44396484
2015;Codigo IBGE;3554904;2;44396484
2015;Codigo IBGE;3554953;3;44396484
2015;Codigo IBGE;3555000;6;44396484
2015;Codigo IBGE;3555109;2;44396484
2015;Codigo IBGE;3555208;2;44396484
2015;Codigo IBGE;3555356;5;44396484
2015;Codigo IBGE;3555406;22;44396484
2015;Codigo IBGE;3555505;1;44396484
2015;Codigo IBGE;3555604;4;44396484
2015;Codigo IBGE;3556008;3;44396484
2015;Codigo IBGE;3556107;3;44396484
2015;Codigo IBGE;3556206;13;44396484
2015;Codigo IBGE;3556305;4;44396484
2015;Codigo IBGE;3556354;5;44396484
2015;Codigo IBGE;3556404;7;44396484
2015;Codigo IBGE;3556453;6;44396484
2015;Codigo IBGE;3556503;11;44396484
2015;Codigo IBGE;3556701;7;44396484
2015;Codigo IBGE;3556800;1;44396484
2015;Codigo IBGE;3556909;1;44396484
2015;Codigo IBGE;3557006;5;44396484
2015;Codigo IBGE;3557105;15;44396484
2015;Codigo IBGE;3557154;1;44396484
2015;Codigo IBGE;3557204;3;44396484
2016;Codigo IBGE;3500105;2;44749699
2016;Codigo IBGE;3500204;2;44749699
2016;Codigo IBGE;3500303;7;44749699
2016;Codigo IBGE;3500402;1;44749699
2016;Codigo IBGE;3500501;2;44749699
2016;Codigo IBGE;3500550;1;44749699
2016;Codigo IBGE;3500600;1;44749699
2016;Codigo IBGE;3500709;6;44749699
2016;Codigo IBGE;3500758;2;44749699
2016;Codigo IBGE;3500808;2;44749699
2016;Codigo IBGE;3501004;4;44749699
2016;Codigo IBGE;3501103;1;44749699
2016;Codigo IBGE;3501152;2;44749699
2016;Codigo IBGE;3501301;8;44749699
2016;Codigo IBGE;3501608;26;44749699
2016;Codigo IBGE;3501707;3;44749699
2016;Codigo IBGE;3501905;23;44749699
2016;Codigo IBGE;3502101;12;44749699
2016;Codigo IBGE;3502200;6;44749699
2016;Codigo IBGE;3502309;1;44749699
2016;Codigo IBGE;3502507;6;44749699
2016;Codigo IBGE;3502606;1;44749699
2016;Codigo IBGE;3502705;5;44749699
2016;Codigo IBGE;3502754;6;44749699
2016;Codigo IBGE;3502804;30;44749699
2016;Codigo IBGE;3502903;8;44749699
2016;Codigo IBGE;3503158;1;44749699
2016;Codigo IBGE;3503208;40;44749699
2016;Codigo IBGE;3503307;17;44749699
2016;Codigo IBGE;3503406;4;44749699
2016;Codigo IBGE;3503604;5;44749699
2016;Codigo IBGE;3503703;4;44749699
2016;Codigo IBGE;3503802;5;44749699
2016;Codigo IBGE;3503901;13;44749699
2016;Codigo IBGE;3504008;16;44749699
2016;Codigo IBGE;3504107;28;44749699
2016;Codigo IBGE;3504206;2;44749699
2016;Codigo IBGE;3504404;1;44749699
2016;Codigo IBGE;3504503;22;44749699
2016;Codigo IBGE;3504602;5;44749699
2016;Codigo IBGE;3504800;4;44749699
2016;Codigo IBGE;3505005;2;44749699
2016;Codigo IBGE;3505104;2;44749699
2016;Codigo IBGE;3505203;2;44749699
2016;Codigo IBGE;3505302;6;44749699
2016;Codigo IBGE;3505351;4;44749699
2016;Codigo IBGE;3505401;6;44749699
2016;Codigo IBGE;3505500;30;44749699
2016;Codigo IBGE;3505609;1;44749699
2016;Codigo IBGE;3505708;35;44749699
2016;Codigo IBGE;3505807;1;44749699
2016;Codigo IBGE;3505906;13;44749699
2016;Codigo IBGE;3506003;53;44749699
2016;Codigo IBGE;3506102;16;44749699
2016;Codigo IBGE;3506300;2;44749699
2016;Codigo IBGE;3506359;37;44749699
2016;Codigo IBGE;3506409;2;44749699
2016;Codigo IBGE;3506508;20;44749699
2016;Codigo IBGE;3506607;7;44749699
2016;Codigo IBGE;3506706;2;44749699
2016;Codigo IBGE;3506805;2;44749699
2016;Codigo IBGE;3506904;1;44749699
2016;Codigo IBGE;3507001;9;44749699
2016;Codigo IBGE;3507100;5;44749699
2016;Codigo IBGE;3507209;1;44749699
2016;Codigo IBGE;3507407;7;44749699
2016;Codigo IBGE;3507456;1;44749699
2016;Codigo IBGE;3507506;32;44749699
2016;Codigo IBGE;3507605;29;44749699
2016;Codigo IBGE;3507803;1;44749699
2016;Codigo IBGE;3507902;8;44749699
2016;Codigo IBGE;3508009;4;44749699
2016;Codigo IBGE;3508108;3;44749699
2016;Codigo IBGE;3508207;1;44749699
2016;Codigo IBGE;3508405;6;44749699
2016;Codigo IBGE;3508504;19;44749699
2016;Codigo IBGE;3508603;6;44749699
2016;Codigo IBGE;3508702;1;44749699
2016;Codigo IBGE;3508801;4;44749699
2016;Codigo IBGE;3508900;1;44749699
2016;Codigo IBGE;3509007;10;44749699
2016;Codigo IBGE;3509205;9;44749699
2016;Codigo IBGE;3509254;9;44749699
2016;Codigo IBGE;3509304;3;44749699
2016;Codigo IBGE;3509403;4;44749699
2016;Codigo IBGE;3509452;2;44749699
2016;Codigo IBGE;3509502;164;44749699
2016;Codigo IBGE;3509601;12;44749699
2016;Codigo IBGE;3509700;3;44749699
2016;Codigo IBGE;3509809;1;44749699
2016;Codigo IBGE;3509957;1;44749699
2016;Codigo IBGE;3510005;3;44749699
2016;Codigo IBGE;3510104;1;44749699
2016;Codigo IBGE;3510153;1;44749699
2016;Codigo IBGE;3510203;9;44749699
2016;Codigo IBGE;3510302;6;44749699
2016;Codigo IBGE;3510401;14;44749699
2016;Codigo IBGE;3510500;18;44749699
2016;Codigo IBGE;3510609;34;44749699
2016;Codigo IBGE;3510708;1;44749699
2016;Codigo IBGE;3510807;5;44749699
2016;Codigo IBGE;3511003;4;44749699
2016;Codigo IBGE;3511102;28;44749699
2016;Codigo IBGE;3511201;4;44749699
2016;Codigo IBGE;3511300;3;44749699
2016;Codigo IBGE;3511409;3;44749699
2016;Codigo IBGE;3511508;8;44749699
2016;Codigo IBGE;3511607;6;44749699
2016;Codigo IBGE;3511706;1;44749699
2016;Codigo IBGE;3511904;2;44749699
2016;Codigo IBGE;3512001;1;44749699
2016;Codigo IBGE;3512100;5;44749699
2016;Codigo IBGE;3512209;3;44749699
2016;Codigo IBGE;3512308;4;44749699
2016;Codigo IBGE;3512407;8;44749699
2016;Codigo IBGE;3512506;2;44749699
2016;Codigo IBGE;3512605;1;44749699
2016;Codigo IBGE;3512704;2;44749699
2016;Codigo IBGE;3512803;3;44749699
2016;Codigo IBGE;3512902;4;44749699
2016;Codigo IBGE;3513009;22;44749699
2016;Codigo IBGE;3513108;5;44749699
2016;Codigo IBGE;3513207;2;44749699
2016;Codigo IBGE;3513306;2;44749699
2016;Codigo IBGE;3513405;9;44749699
2016;Codigo IBGE;3513504;24;44749699
2016;Codigo IBGE;3513603;6;44749699
2016;Codigo IBGE;3513702;7;44749699
2016;Codigo IBGE;3513801;27;44749699
2016;Codigo IBGE;3513900;3;44749699
2016;Codigo IBGE;3514106;1;44749699
2016;Codigo IBGE;3514304;1;44749699
2016;Codigo IBGE;3514403;5;44749699
2016;Codigo IBGE;3514502;5;44749699
2016;Codigo IBGE;3514601;2;44749699
2016;Codigo IBGE;3514700;2;44749699
2016;Codigo IBGE;3514809;2;44749699
2016;Codigo IBGE;3514908;2;44749699
2016;Codigo IBGE;3515004;25;44749699
2016;Codigo IBGE;3515103;11;44749699
2016;Codigo IBGE;3515152;3;44749699
2016;Codigo IBGE;3515186;3;44749699
2016;Codigo IBGE;3515194;1;44749699
2016;Codigo IBGE;3515202;1;44749699
2016;Codigo IBGE;3515301;3;44749699
2016;Codigo IBGE;3515350;3;44749699
2016;Codigo IBGE;3515400;10;44749699
2016;Codigo IBGE;3515509;6;44749699
2016;Codigo IBGE;3515608;1;44749699
2016;Codigo IBGE;3515707;8;44749699
2016;Codigo IBGE;3515806;3;44749699
2016;Codigo IBGE;3515905;3;44749699
2016;Codigo IBGE;3516002;2;44749699
2016;Codigo IBGE;3516200;43;44749699
2016;Codigo IBGE;3516309;8;44749699
2016;Codigo IBGE;3516408;28;44749699
2016;Codigo IBGE;3516606;2;44749699
2016;Codigo IBGE;3516705;4;44749699
2016;Codigo IBGE;3516804;2;44749699
2016;Codigo IBGE;3516853;6;44749699
2016;Codigo IBGE;3516903;1;44749699
2016;Codigo IBGE;3517000;1;44749699
2016;Codigo IBGE;3517109;1;44749699
2016;Codigo IBGE;3517208;1;44749699
2016;Codigo IBGE;3517307;2;44749699
2016;Codigo IBGE;3517406;5;44749699
2016;Codigo IBGE;3517505;2;44749699
2016;Codigo IBGE;3517604;4;44749699
2016;Codigo IBGE;3517703;3;44749699
2016;Codigo IBGE;3517802;1;44749699
2016;Codigo IBGE;3518008;1;44749699
2016;Codigo IBGE;3518107;1;44749699
2016;Codigo IBGE;3518206;3;44749699
2016;Codigo IBGE;3518404;22;44749699
2016;Codigo IBGE;3518503;2;44749699
2016;Codigo IBGE;3518602;7;44749699
2016;Codigo IBGE;3518701;54;44749699
2016;Codigo IBGE;3518800;139;44749699
2016;Codigo IBGE;3518859;3;44749699
2016;Codigo IBGE;3518909;4;44749699
2016;Codigo IBGE;3519006;3;44749699
2016;Codigo IBGE;3519055;1;44749699
2016;Codigo IBGE;3519071;25;44749699
2016;Codigo IBGE;3519105;2;44749699
2016;Codigo IBGE;3519204;2;44749699
2016;Codigo IBGE;3519253;3;44749699
2016;Codigo IBGE;3519303;5;44749699
2016;Codigo IBGE;3519402;4;44749699
2016;Codigo IBGE;3519501;1;44749699
2016;Codigo IBGE;3519600;3;44749699
2016;Codigo IBGE;3519709;21;44749699
2016;Codigo IBGE;3519808;1;44749699
2016;Codigo IBGE;3520004;1;44749699
2016;Codigo IBGE;3520103;2;44749699
2016;Codigo IBGE;3520202;2;44749699
2016;Codigo IBGE;3520301;9;44749699
2016;Codigo IBGE;3520400;3;44749699
2016;Codigo IBGE;3520426;4;44749699
2016;Codigo IBGE;3520442;7;44749699
2016;Codigo IBGE;3520509;21;44749699
2016;Codigo IBGE;3520608;4;44749699
2016;Codigo IBGE;3520905;3;44749699
2016;Codigo IBGE;3521002;1;44749699
2016;Codigo IBGE;3521101;3;44749699
2016;Codigo IBGE;3521150;1;44749699
2016;Codigo IBGE;3521200;1;44749699
2016;Codigo IBGE;3521309;1;44749699
2016;Codigo IBGE;3521408;1;44749699
2016;Codigo IBGE;3521507;1;44749699
2016;Codigo IBGE;3521606;1;44749699
2016;Codigo IBGE;3521705;6;44749699
2016;Codigo IBGE;3521804;6;44749699
2016;Codigo IBGE;3521903;5;44749699
2016;Codigo IBGE;3522109;25;44749699
2016;Codigo IBGE;3522208;29;44749699
2016;Codigo IBGE;3522307;28;44749699
2016;Codigo IBGE;3522406;18;44749699
2016;Codigo IBGE;3522505;20;44749699
2016;Codigo IBGE;3522604;17;44749699
2016;Codigo IBGE;3522703;6;44749699
2016;Codigo IBGE;3522802;4;44749699
2016;Codigo IBGE;3522901;2;44749699
2016;Codigo IBGE;3523008;2;44749699
2016;Codigo IBGE;3523107;35;44749699
2016;Codigo IBGE;3523206;3;44749699
2016;Codigo IBGE;3523305;8;44749699
2016;Codigo IBGE;3523404;20;44749699
2016;Codigo IBGE;3523503;2;44749699
2016;Codigo IBGE;3523602;8;44749699
2016;Codigo IBGE;3523800;2;44749699
2016;Codigo IBGE;3523909;36;44749699
2016;Codigo IBGE;3524006;5;44749699
2016;Codigo IBGE;3524105;5;44749699
2016;Codigo IBGE;3524303;9;44749699
2016;Codigo IBGE;3524402;46;44749699
2016;Codigo IBGE;3524501;3;44749699
2016;Codigo IBGE;3524600;4;44749699
2016;Codigo IBGE;3524709;12;44749699
2016;Codigo IBGE;3524808;7;44749699
2016;Codigo IBGE;3525003;6;44749699
2016;Codigo IBGE;3525102;12;44749699
2016;Codigo IBGE;3525201;5;44749699
2016;Codigo IBGE;3525300;23;44749699
2016;Codigo IBGE;3525508;3;44749699
2016;Codigo IBGE;3525706;10;44749699
2016;Codigo IBGE;3525805;6;44749699
2016;Codigo IBGE;3525854;2;44749699
2016;Codigo IBGE;3525904;82;44749699
2016;Codigo IBGE;3526001;2;44749699
2016;Codigo IBGE;3526100;6;44749699
2016;Codigo IBGE;3526209;14;44749699
2016;Codigo IBGE;3526308;2;44749699
2016;Codigo IBGE;3526407;2;44749699
2016;Codigo IBGE;3526506;3;44749699
2016;Codigo IBGE;3526605;2;44749699
2016;Codigo IBGE;3526704;19;44749699
2016;Codigo IBGE;3526803;6;44749699
2016;Codigo IBGE;3526902;63;44749699
2016;Codigo IBGE;3527009;3;44749699
2016;Codigo IBGE;3527108;13;44749699
2016;Codigo IBGE;3527207;18;44749699
2016;Codigo IBGE;3527306;6;44749699
2016;Codigo IBGE;3527405;4;44749699
2016;Codigo IBGE;3527603;1;44749699
2016;Codigo IBGE;3527900;1;44749699
2016;Codigo IBGE;3528007;4;44749699
2016;Codigo IBGE;3528205;2;44749699
2016;Codigo IBGE;3528403;11;44749699
2016;Codigo IBGE;3528502;16;44749699
2016;Codigo IBGE;3528601;1;44749699
2016;Codigo IBGE;3528809;1;44749699
2016;Codigo IBGE;3528858;1;44749699
2016;Codigo IBGE;3528908;2;44749699
2016;Codigo IBGE;3529005;24;44749699
2016;Codigo IBGE;3529203;8;44749699
2016;Codigo IBGE;3529302;15;44749699
2016;Codigo IBGE;3529401;21;44749699
2016;Codigo IBGE;3529500;6;44749699
2016;Codigo IBGE;3529609;1;44749699
2016;Codigo IBGE;3529658;2;44749699
2016;Codigo IBGE;3529708;6;44749699
2016;Codigo IBGE;3529807;4;44749699
2016;Codigo IBGE;3529906;17;44749699
2016;Codigo IBGE;3530102;2;44749699
2016;Codigo IBGE;3530201;6;44749699
2016;Codigo IBGE;3530300;10;44749699
2016;Codigo IBGE;3530508;10;44749699
2016;Codigo IBGE;3530607;70;44749699
2016;Codigo IBGE;3530706;40;44749699
2016;Codigo IBGE;3530805;18;44749699
2016;Codigo IBGE;3531100;10;44749699
2016;Codigo IBGE;3531308;9;44749699
2016;Codigo IBGE;3531407;10;44749699
2016;Codigo IBGE;3531506;6;44749699
2016;Codigo IBGE;3531605;1;44749699
2016;Codigo IBGE;3531803;6;44749699
2016;Codigo IBGE;3531902;4;44749699
2016;Codigo IBGE;3532009;5;44749699
2016;Codigo IBGE;3532306;5;44749699
2016;Codigo IBGE;3532405;8;44749699
2016;Codigo IBGE;3532504;3;44749699
2016;Codigo IBGE;3532603;3;44749699
2016;Codigo IBGE;3532702;5;44749699
2016;Codigo IBGE;3532801;1;44749699
2016;Codigo IBGE;3532900;2;44749699
2016;Codigo IBGE;3533007;8;44749699
2016;Codigo IBGE;3533403;8;44749699
2016;Codigo IBGE;3533502;8;44749699
2016;Codigo IBGE;3533601;1;44749699
2016;Codigo IBGE;3533809;1;44749699
2016;Codigo IBGE;3533908;14;44749699
2016;Codigo IBGE;3534005;3;44749699
2016;Codigo IBGE;3534104;2;44749699
2016;Codigo IBGE;3534302;8;44749699
2016;Codigo IBGE;3534401;68;44749699
2016;Codigo IBGE;3534500;3;44749699
2016;Codigo IBGE;3534609;2;44749699
2016;Codigo IBGE;3534708;13;44749699
2016;Codigo IBGE;3534757;2;44749699
2016;Codigo IBGE;3534906;2;44749699
2016;Codigo IBGE;3535002;3;44749699
2016;Codigo IBGE;3535101;4;44749699
2016;Codigo IBGE;3535200;1;44749699
2016;Codigo IBGE;3535309;2;44749699
2016;Codigo IBGE;3535408;1;44749699
2016;Codigo IBGE;3535507;9;44749699
2016;Codigo IBGE;3535606;3;44749699
2016;Codigo IBGE;3535705;5;44749699
2016;Codigo IBGE;3535804;3;44749699
2016;Codigo IBGE;3535903;1;44749699
2016;Codigo IBGE;3536000;3;44749699
2016;Codigo IBGE;3536109;1;44749699
2016;Codigo IBGE;3536208;15;44749699
2016;Codigo IBGE;3536257;1;44749699
2016;Codigo IBGE;3536307;7;44749699
2016;Codigo IBGE;3536406;2;44749699
2016;Codigo IBGE;3536505;11;44749699
2016;Codigo IBGE;3536604;1;44749699
2016;Codigo IBGE;3536703;8;44749699
2016;Codigo IBGE;3536802;2;44749699
2016;Codigo IBGE;3537008;4;44749699
2016;Codigo IBGE;3537107;4;44749699
2016;Codigo IBGE;3537156;1;44749699
2016;Codigo IBGE;3537206;3;44749699
2016;Codigo IBGE;3537305;10;44749699
2016;Codigo IBGE;3537404;3;44749699
2016;Codigo IBGE;3537503;5;44749699
2016;Codigo IBGE;3537602;8;44749699
2016;Codigo IBGE;3537800;10;44749699
2016;Codigo IBGE;3537909;11;44749699
2016;Codigo IBGE;3538006;34;44749699
2016;Codigo IBGE;3538105;3;44749699
2016;Codigo IBGE;3538204;6;44749699
2016;Codigo IBGE;3538501;1;44749699
2016;Codigo IBGE;3538600;10;44749699
2016;Codigo IBGE;3538709;46;44749699
2016;Codigo IBGE;3538808;2;44749699
2016;Codigo IBGE;3538907;1;44749699
2016;Codigo IBGE;3539004;4;44749699
2016;Codigo IBGE;3539103;6;44749699
2016;Codigo IBGE;3539202;11;44749699
2016;Codigo IBGE;3539301;9;44749699
2016;Codigo IBGE;3539400;4;44749699
2016;Codigo IBGE;3539509;7;44749699
2016;Codigo IBGE;3539608;1;44749699
2016;Codigo IBGE;3539806;6;44749699
2016;Codigo IBGE;3539905;2;44749699
2016;Codigo IBGE;3540002;5;44749699
2016;Codigo IBGE;3540101;2;44749699
2016;Codigo IBGE;3540200;6;44749699
2016;Codigo IBGE;3540309;1;44749699
2016;Codigo IBGE;3540507;4;44749699
2016;Codigo IBGE;3540606;11;44749699
2016;Codigo IBGE;3540705;12;44749699
2016;Codigo IBGE;3540804;1;44749699
2016;Codigo IBGE;3540903;3;44749699
2016;Codigo IBGE;3541000;43;44749699
2016;Codigo IBGE;3541059;1;44749699
2016;Codigo IBGE;3541208;3;44749699
2016;Codigo IBGE;3541307;11;44749699
2016;Codigo IBGE;3541406;22;44749699
2016;Codigo IBGE;3541505;3;44749699
2016;Codigo IBGE;3541604;9;44749699
2016;Codigo IBGE;3541653;2;44749699
2016;Codigo IBGE;3541901;5;44749699
2016;Codigo IBGE;3542008;3;44749699
2016;Codigo IBGE;3542107;1;44749699
2016;Codigo IBGE;3542206;5;44749699
2016;Codigo IBGE;3542404;1;44749699
2016;Codigo IBGE;3542503;2;44749699
2016;Codigo IBGE;3542602;9;44749699
2016;Codigo IBGE;3542800;2;44749699
2016;Codigo IBGE;3542909;2;44749699
2016;Codigo IBGE;3543006;5;44749699
2016;Codigo IBGE;3543303;26;44749699
2016;Codigo IBGE;3543402;77;44749699
2016;Codigo IBGE;3543501;1;44749699
2016;Codigo IBGE;3543600;2;44749699
2016;Codigo IBGE;3543709;1;44749699
2016;Codigo IBGE;3543808;2;44749699
2016;Codigo IBGE;3543907;24;44749699
2016;Codigo IBGE;3544004;7;44749699
2016;Codigo IBGE;3544251;3;44749699
2016;Codigo IBGE;3544301;4;44749699
2016;Codigo IBGE;3544707;1;44749699
2016;Codigo IBGE;3544905;4;44749699
2016;Codigo IBGE;3545001;8;44749699
2016;Codigo IBGE;3545159;2;44749699
2016;Codigo IBGE;3545209;22;44749699
2016;Codigo IBGE;3545308;10;44749699
2016;Codigo IBGE;3545407;6;44749699
2016;Codigo IBGE;3545506;1;44749699
2016;Codigo IBGE;3545605;2;44749699
2016;Codigo IBGE;3545803;19;44749699
2016;Codigo IBGE;3546256;1;44749699
2016;Codigo IBGE;3546306;3;44749699
2016;Codigo IBGE;3546405;9;44749699
2016;Codigo IBGE;3546504;1;44749699
2016;Codigo IBGE;3546603;4;44749699
2016;Codigo IBGE;3546702;3;44749699
2016;Codigo IBGE;3546801;11;44749699
2016;Codigo IBGE;3546900;2;44749699
2016;Codigo IBGE;3547007;1;44749699
2016;Codigo IBGE;3547106;4;44749699
2016;Codigo IBGE;3547304;20;44749699
2016;Codigo IBGE;3547502;6;44749699
2016;Codigo IBGE;3547700;5;44749699
2016;Codigo IBGE;3547809;55;44749699
2016;Codigo IBGE;3547908;1;44749699
2016;Codigo IBGE;3548005;4;44749699
2016;Codigo IBGE;3548104;10;44749699
2016;Codigo IBGE;3548401;5;44749699
2016;Codigo IBGE;3548500;55;44749699
2016;Codigo IBGE;3548609;2;44749699
2016;Codigo IBGE;3548708;64;44749699
2016;Codigo IBGE;3548807;6;44749699
2016;Codigo IBGE;3548906;26;44749699
2016;Codigo IBGE;3549102;9;44749699
2016;Codigo IBGE;3549409;5;44749699
2016;Codigo IBGE;3549508;3;44749699
2016;Codigo IBGE;3549607;2;44749699
2016;Codigo IBGE;3549706;6;44749699
2016;Codigo IBGE;3549805;74;44749699
2016;Codigo IBGE;3549904;93;44749699
2016;Codigo IBGE;3549953;5;44749699
2016;Codigo IBGE;3550001;2;44749699
2016;Codigo IBGE;3550100;15;44749699
2016;Codigo IBGE;3550209;9;44749699
2016;Codigo IBGE;3550308;925;44749699
2016;Codigo IBGE;3550407;17;44749699
2016;Codigo IBGE;3550506;4;44749699
2016;Codigo IBGE;3550605;9;44749699
2016;Codigo IBGE;3550704;15;44749699
2016;Codigo IBGE;3550902;3;44749699
2016;Codigo IBGE;3551009;51;44749699
2016;Codigo IBGE;3551108;2;44749699
2016;Codigo IBGE;3551207;1;44749699
2016;Codigo IBGE;3551405;4;44749699
2016;Codigo IBGE;3551504;6;44749699
2016;Codigo IBGE;3551603;8;44749699
2016;Codigo IBGE;3551702;14;44749699
2016;Codigo IBGE;3551801;2;44749699
2016;Codigo IBGE;3552007;5;44749699
2016;Codigo IBGE;3552106;10;44749699
2016;Codigo IBGE;3552205;82;44749699
2016;Codigo IBGE;3552403;33;44749699
2016;Codigo IBGE;3552502;28;44749699
2016;Codigo IBGE;3552601;1;44749699
2016;Codigo IBGE;3552700;4;44749699
2016;Codigo IBGE;3552809;11;44749699
2016;Codigo IBGE;3552908;2;44749699
2016;Codigo IBGE;3553203;1;44749699
2016;Codigo IBGE;3553302;4;44749699
2016;Codigo IBGE;3553500;3;44749699
2016;Codigo IBGE;3553609;4;44749699
2016;Codigo IBGE;3553658;2;44749699
2016;Codigo IBGE;3553708;17;44749699
2016;Codigo IBGE;3553807;9;44749699
2016;Codigo IBGE;3553906;1;44749699
2016;Codigo IBGE;3553955;1;44749699
2016;Codigo IBGE;3554003;19;44749699
2016;Codigo IBGE;3554102;46;44749699
2016;Codigo IBGE;3554201;2;44749699
2016;Codigo IBGE;3554300;7;44749699
2016;Codigo IBGE;3554409;1;44749699
2016;Codigo IBGE;3554508;6;44749699
2016;Codigo IBGE;3554607;2;44749699
2016;Codigo IBGE;3554706;3;44749699
2016;Codigo IBGE;3554805;11;44749699
2016;Codigo IBGE;3554904;3;44749699
2016;Codigo IBGE;3554953;2;44749699
2016;Codigo IBGE;3555000;9;44749699
2016;Codigo IBGE;3555109;2;44749699
2016;Codigo IBGE;3555208;2;44749699
2016;Codigo IBGE;3555307;2;44749699
2016;Codigo IBGE;3555356;3;44749699
2016;Codigo IBGE;3555406;20;44749699
2016;Codigo IBGE;3555505;1;44749699
2016;Codigo IBGE;3555604;4;44749699
2016;Codigo IBGE;3555802;2;44749699
2016;Codigo IBGE;3555901;1;44749699
2016;Codigo IBGE;3556008;5;44749699
2016;Codigo IBGE;3556107;1;44749699
2016;Codigo IBGE;3556206;15;44749699
2016;Codigo IBGE;3556305;1;44749699
2016;Codigo IBGE;3556354;2;44749699
2016;Codigo IBGE;3556404;3;44749699
2016;Codigo IBGE;3556453;6;44749699
2016;Codigo IBGE;3556503;3;44749699
2016;Codigo IBGE;3556701;6;44749699
2016;Codigo IBGE;3556800;2;44749699
2016;Codigo IBGE;3556909;4;44749699
2016;Codigo IBGE;3557006;10;44749699
2016;Codigo IBGE;3557105;16;44749699
2016;Codigo IBGE;3557154;3;44749699
2016;Codigo IBGE;3557303;2;44749699
2017;Codigo IBGE;3500105;2;45094866
2017;Codigo IBGE;3500204;1;45094866
2017;Codigo IBGE;3500303;3;45094866
2017;Codigo IBGE;3500402;1;45094866
2017;Codigo IBGE;3500501;5;45094866
2017;Codigo IBGE;3500550;2;45094866
2017;Codigo IBGE;3500709;3;45094866
2017;Codigo IBGE;3501004;4;45094866
2017;Codigo IBGE;3501103;2;45094866
2017;Codigo IBGE;3501152;3;45094866
2017;Codigo IBGE;3501400;1;45094866
2017;Codigo IBGE;3501608;26;45094866
2017;Codigo IBGE;3501707;3;45094866
2017;Codigo IBGE;3501806;3;45094866
2017;Codigo IBGE;3501905;19;45094866
2017;Codigo IBGE;3502002;2;45094866
2017;Codigo IBGE;3502101;8;45094866
2017;Codigo IBGE;3502200;4;45094866
2017;Codigo IBGE;3502309;2;45094866
2017;Codigo IBGE;3502507;8;45094866
2017;Codigo IBGE;3502705;2;45094866
2017;Codigo IBGE;3502754;12;45094866
2017;Codigo IBGE;3502804;19;45094866
2017;Codigo IBGE;3502903;5;45094866
2017;Codigo IBGE;3503000;5;45094866
2017;Codigo IBGE;3503208;32;45094866
2017;Codigo IBGE;3503307;20;45094866
2017;Codigo IBGE;3503356;1;45094866
2017;Codigo IBGE;3503802;9;45094866
2017;Codigo IBGE;3503901;16;45094866
2017;Codigo IBGE;3504008;13;45094866
2017;Codigo IBGE;3504107;27;45094866
2017;Codigo IBGE;3504206;1;45094866
2017;Codigo IBGE;3504305;1;45094866
2017;Codigo IBGE;3504404;4;45094866
2017;Codigo IBGE;3504503;12;45094866
2017;Codigo IBGE;3504602;2;45094866
2017;Codigo IBGE;3505203;2;45094866
2017;Codigo IBGE;3505302;3;45094866
2017;Codigo IBGE;3505401;10;45094866
2017;Codigo IBGE;3505500;22;45094866
2017;Codigo IBGE;3505609;4;45094866
2017;Codigo IBGE;3505708;37;45094866
2017;Codigo IBGE;3505807;6;45094866
2017;Codigo IBGE;3505906;8;45094866
2017;Codigo IBGE;3506003;44;45094866
2017;Codigo IBGE;3506102;16;45094866
2017;Codigo IBGE;3506201;1;45094866
2017;Codigo IBGE;3506300;2;45094866
2017;Codigo IBGE;3506359;23;45094866
2017;Codigo IBGE;3506508;20;45094866
2017;Codigo IBGE;3506607;8;45094866
2017;Codigo IBGE;3506706;2;45094866
2017;Codigo IBGE;3506904;1;45094866
2017;Codigo IBGE;3507001;5;45094866
2017;Codigo IBGE;3507100;6;45094866
2017;Codigo IBGE;3507159;1;45094866
2017;Codigo IBGE;3507407;3;45094866
2017;Codigo IBGE;3507506;12;45094866
2017;Codigo IBGE;3507605;27;45094866
2017;Codigo IBGE;3507704;3;45094866
2017;Codigo IBGE;3507803;2;45094866
2017;Codigo IBGE;3507902;2;45094866
2017;Codigo IBGE;3508009;4;45094866
2017;Codigo IBGE;3508108;2;45094866
2017;Codigo IBGE;3508207;1;45094866
2017;Codigo IBGE;3508405;10;45094866
2017;Codigo IBGE;3508504;17;45094866
2017;Codigo IBGE;3508603;11;45094866
2017;Codigo IBGE;3508702;2;45094866
2017;Codigo IBGE;3508801;4;45094866
2017;Codigo IBGE;3509007;12;45094866
2017;Codigo IBGE;3509106;2;45094866
2017;Codigo IBGE;3509205;10;45094866
2017;Codigo IBGE;3509254;17;45094866
2017;Codigo IBGE;3509403;3;45094866
2017;Codigo IBGE;3509452;1;45094866
2017;Codigo IBGE;3509502;152;45094866
2017;Codigo IBGE;3509601;9;45094866
2017;Codigo IBGE;3509700;8;45094866
2017;Codigo IBGE;3509809;3;45094866
2017;Codigo IBGE;3509908;3;45094866
2017;Codigo IBGE;3509957;5;45094866
2017;Codigo IBGE;3510005;7;45094866
2017;Codigo IBGE;3510153;1;45094866
2017;Codigo IBGE;3510203;15;45094866
2017;Codigo IBGE;3510302;5;45094866
2017;Codigo IBGE;3510401;5;45094866
2017;Codigo IBGE;3510500;11;45094866
2017;Codigo IBGE;3510609;24;45094866
2017;Codigo IBGE;3510708;2;45094866
2017;Codigo IBGE;3510807;8;45094866
2017;Codigo IBGE;3511003;4;45094866
2017;Codigo IBGE;3511102;22;45094866
2017;Codigo IBGE;3511201;5;45094866
2017;Codigo IBGE;3511300;2;45094866
2017;Codigo IBGE;3511409;6;45094866
2017;Codigo IBGE;3511508;5;45094866
2017;Codigo IBGE;3511607;4;45094866
2017;Codigo IBGE;3511706;3;45094866
2017;Codigo IBGE;3511904;3;45094866
2017;Codigo IBGE;3512001;7;45094866
2017;Codigo IBGE;3512100;1;45094866
2017;Codigo IBGE;3512209;2;45094866
2017;Codigo IBGE;3512308;5;45094866
2017;Codigo IBGE;3512407;2;45094866
2017;Codigo IBGE;3512803;7;45094866
2017;Codigo IBGE;3512902;5;45094866
2017;Codigo IBGE;3513009;31;45094866
2017;Codigo IBGE;3513108;5;45094866
2017;Codigo IBGE;3513405;10;45094866
2017;Codigo IBGE;3513504;26;45094866
2017;Codigo IBGE;3513603;9;45094866
2017;Codigo IBGE;3513702;4;45094866
2017;Codigo IBGE;3513801;35;45094866
2017;Codigo IBGE;3513900;3;45094866
2017;Codigo IBGE;3514007;4;45094866
2017;Codigo IBGE;3514106;4;45094866
2017;Codigo IBGE;3514304;1;45094866
2017;Codigo IBGE;3514403;5;45094866
2017;Codigo IBGE;3514502;2;45094866
2017;Codigo IBGE;3514601;6;45094866
2017;Codigo IBGE;3514700;1;45094866
2017;Codigo IBGE;3514809;1;45094866
2017;Codigo IBGE;3514908;6;45094866
2017;Codigo IBGE;3514924;2;45094866
2017;Codigo IBGE;3514957;1;45094866
2017;Codigo IBGE;3515004;21;45094866
2017;Codigo IBGE;3515103;8;45094866
2017;Codigo IBGE;3515152;3;45094866
2017;Codigo IBGE;3515186;6;45094866
2017;Codigo IBGE;3515194;1;45094866
2017;Codigo IBGE;3515202;1;45094866
2017;Codigo IBGE;3515301;1;45094866
2017;Codigo IBGE;3515350;2;45094866
2017;Codigo IBGE;3515400;4;45094866
2017;Codigo IBGE;3515509;13;45094866
2017;Codigo IBGE;3515657;1;45094866
2017;Codigo IBGE;3515707;6;45094866
2017;Codigo IBGE;3515806;1;45094866
2017;Codigo IBGE;3515905;2;45094866
2017;Codigo IBGE;3516002;2;45094866
2017;Codigo IBGE;3516101;2;45094866
2017;Codigo IBGE;3516200;45;45094866
2017;Codigo IBGE;3516309;5;45094866
2017;Codigo IBGE;3516408;20;45094866
2017;Codigo IBGE;3516606;2;45094866
2017;Codigo IBGE;3516705;4;45094866
2017;Codigo IBGE;3516903;6;45094866
2017;Codigo IBGE;3517000;3;45094866
2017;Codigo IBGE;3517109;3;45094866
2017;Codigo IBGE;3517208;3;45094866
2017;Codigo IBGE;3517307;2;45094866
2017;Codigo IBGE;3517406;3;45094866
2017;Codigo IBGE;3517505;2;45094866
2017;Codigo IBGE;3517604;2;45094866
2017;Codigo IBGE;3517703;3;45094866
2017;Codigo IBGE;3517802;2;45094866
2017;Codigo IBGE;3517901;2;45094866
2017;Codigo IBGE;3518107;1;45094866
2017;Codigo IBGE;3518206;5;45094866
2017;Codigo IBGE;3518305;12;45094866
2017;Codigo IBGE;3518404;26;45094866
2017;Codigo IBGE;3518503;1;45094866
2017;Codigo IBGE;3518602;2;45094866
2017;Codigo IBGE;3518701;31;45094866
2017;Codigo IBGE;3518800;109;45094866
2017;Codigo IBGE;3518859;2;45094866
2017;Codigo IBGE;3519006;4;45094866
2017;Codigo IBGE;3519055;1;45094866
2017;Codigo IBGE;3519071;25;45094866
2017;Codigo IBGE;3519105;1;45094866
2017;Codigo IBGE;3519204;2;45094866
2017;Codigo IBGE;3519253;2;45094866
2017;Codigo IBGE;3519303;6;45094866
2017;Codigo IBGE;3519402;6;45094866
2017;Codigo IBGE;3519600;5;45094866
2017;Codigo IBGE;3519709;24;45094866
2017;Codigo IBGE;3519808;5;45094866
2017;Codigo IBGE;3520004;2;45094866
2017;Codigo IBGE;3520103;5;45094866
2017;Codigo IBGE;3520202;2;45094866
2017;Codigo IBGE;3520301;15;45094866
2017;Codigo IBGE;3520400;3;45094866
2017;Codigo IBGE;3520426;2;45094866
2017;Codigo IBGE;3520442;9;45094866
2017;Codigo IBGE;3520509;34;45094866
2017;Codigo IBGE;3520608;1;45094866
2017;Codigo IBGE;3520806;2;45094866
2017;Codigo IBGE;3520905;2;45094866
2017;Codigo IBGE;3521002;4;45094866
2017;Codigo IBGE;3521101;1;45094866
2017;Codigo IBGE;3521150;3;45094866
2017;Codigo IBGE;3521200;2;45094866
2017;Codigo IBGE;3521309;5;45094866
2017;Codigo IBGE;3521408;5;45094866
2017;Codigo IBGE;3521606;1;45094866
2017;Codigo IBGE;3521705;8;45094866
2017;Codigo IBGE;3521804;6;45094866
2017;Codigo IBGE;3521903;4;45094866
2017;Codigo IBGE;3522109;21;45094866
2017;Codigo IBGE;3522208;24;45094866
2017;Codigo IBGE;3522307;31;45094866
2017;Codigo IBGE;3522406;16;45094866
2017;Codigo IBGE;3522505;13;45094866
2017;Codigo IBGE;3522604;17;45094866
2017;Codigo IBGE;3522653;1;45094866
2017;Codigo IBGE;3522703;8;45094866
2017;Codigo IBGE;3522802;7;45094866
2017;Codigo IBGE;3522901;3;45094866
2017;Codigo IBGE;3523008;2;45094866
2017;Codigo IBGE;3523107;33;45094866
2017;Codigo IBGE;3523206;7;45094866
2017;Codigo IBGE;3523305;3;45094866
2017;Codigo IBGE;3523404;15;45094866
2017;Codigo IBGE;3523503;7;45094866
2017;Codigo IBGE;3523602;6;45094866
2017;Codigo IBGE;3523701;2;45094866
2017;Codigo IBGE;3523909;44;45094866
2017;Codigo IBGE;3524006;5;45094866
2017;Codigo IBGE;3524105;6;45094866
2017;Codigo IBGE;3524204;1;45094866
2017;Codigo IBGE;3524303;14;45094866
2017;Codigo IBGE;3524402;25;45094866
2017;Codigo IBGE;3524501;1;45094866
2017;Codigo IBGE;3524600;3;45094866
2017;Codigo IBGE;3524709;5;45094866
2017;Codigo IBGE;3524808;12;45094866
2017;Codigo IBGE;3525003;1;45094866
2017;Codigo IBGE;3525102;8;45094866
2017;Codigo IBGE;3525201;7;45094866
2017;Codigo IBGE;3525300;20;45094866
2017;Codigo IBGE;3525409;1;45094866
2017;Codigo IBGE;3525508;1;45094866
2017;Codigo IBGE;3525607;2;45094866
2017;Codigo IBGE;3525706;10;45094866
2017;Codigo IBGE;3525805;1;45094866
2017;Codigo IBGE;3525854;4;45094866
2017;Codigo IBGE;3525904;94;45094866
2017;Codigo IBGE;3526001;4;45094866
2017;Codigo IBGE;3526100;5;45094866
2017;Codigo IBGE;3526209;11;45094866
2017;Codigo IBGE;3526308;2;45094866
2017;Codigo IBGE;3526407;2;45094866
2017;Codigo IBGE;3526506;1;45094866
2017;Codigo IBGE;3526605;4;45094866
2017;Codigo IBGE;3526704;16;45094866
2017;Codigo IBGE;3526803;6;45094866
2017;Codigo IBGE;3526902;39;45094866
2017;Codigo IBGE;3527108;8;45094866
2017;Codigo IBGE;3527207;14;45094866
2017;Codigo IBGE;3527306;7;45094866
2017;Codigo IBGE;3527603;2;45094866
2017;Codigo IBGE;3527801;2;45094866
2017;Codigo IBGE;3527900;3;45094866
2017;Codigo IBGE;3528007;3;45094866
2017;Codigo IBGE;3528106;1;45094866
2017;Codigo IBGE;3528304;2;45094866
2017;Codigo IBGE;3528403;9;45094866
2017;Codigo IBGE;3528502;18;45094866
2017;Codigo IBGE;3528601;1;45094866
2017;Codigo IBGE;3528700;1;45094866
2017;Codigo IBGE;3528809;6;45094866
2017;Codigo IBGE;3529005;39;45094866
2017;Codigo IBGE;3529203;7;45094866
2017;Codigo IBGE;3529302;6;45094866
2017;Codigo IBGE;3529401;31;45094866
2017;Codigo IBGE;3529500;2;45094866
2017;Codigo IBGE;3529609;3;45094866
2017;Codigo IBGE;3529708;2;45094866
2017;Codigo IBGE;3529807;3;45094866
2017;Codigo IBGE;3529906;17;45094866
2017;Codigo IBGE;3530003;1;45094866
2017;Codigo IBGE;3530102;6;45094866
2017;Codigo IBGE;3530201;16;45094866
2017;Codigo IBGE;3530300;8;45094866
2017;Codigo IBGE;3530409;3;45094866
2017;Codigo IBGE;3530508;12;45094866
2017;Codigo IBGE;3530607;59;45094866
2017;Codigo IBGE;3530706;23;45094866
2017;Codigo IBGE;3530805;17;45094866
2017;Codigo IBGE;3530904;2;45094866
2017;Codigo IBGE;3531100;5;45094866
2017;Codigo IBGE;3531308;11;45094866
2017;Codigo IBGE;3531407;11;45094866
2017;Codigo IBGE;3531506;5;45094866
2017;Codigo IBGE;3531704;1;45094866
2017;Codigo IBGE;3531803;11;45094866
2017;Codigo IBGE;3531902;8;45094866
2017;Codigo IBGE;3532009;3;45094866
2017;Codigo IBGE;3532058;4;45094866
2017;Codigo IBGE;3532157;1;45094866
2017;Codigo IBGE;3532207;1;45094866
2017;Codigo IBGE;3532306;1;45094866
2017;Codigo IBGE;3532405;6;45094866
2017;Codigo IBGE;3532504;5;45094866
2017;Codigo IBGE;3532603;1;45094866
2017;Codigo IBGE;3532702;1;45094866
2017;Codigo IBGE;3532801;1;45094866
2017;Codigo IBGE;3532827;1;45094866
2017;Codigo IBGE;3532900;1;45094866
2017;Codigo IBGE;3533007;3;45094866
2017;Codigo IBGE;3533106;1;45094866
2017;Codigo IBGE;3533205;1;45094866
2017;Codigo IBGE;3533254;1;45094866
2017;Codigo IBGE;3533304;1;45094866
2017;Codigo IBGE;3533403;5;45094866
2017;Codigo IBGE;3533502;7;45094866
2017;Codigo IBGE;3533601;2;45094866
2017;Codigo IBGE;3533700;4;45094866
2017;Codigo IBGE;3533908;19;45094866
2017;Codigo IBGE;3534005;3;45094866
2017;Codigo IBGE;3534104;5;45094866
2017;Codigo IBGE;3534203;1;45094866
2017;Codigo IBGE;3534302;9;45094866
2017;Codigo IBGE;3534401;55;45094866
2017;Codigo IBGE;3534609;5;45094866
2017;Codigo IBGE;3534708;12;45094866
2017;Codigo IBGE;3534757;2;45094866
2017;Codigo IBGE;3534906;3;45094866
2017;Codigo IBGE;3535101;5;45094866
2017;Codigo IBGE;3535200;3;45094866
2017;Codigo IBGE;3535309;8;45094866
2017;Codigo IBGE;3535408;3;45094866
2017;Codigo IBGE;3535507;2;45094866
2017;Codigo IBGE;3535606;2;45094866
2017;Codigo IBGE;3535804;3;45094866
2017;Codigo IBGE;3535903;1;45094866
2017;Codigo IBGE;3536000;11;45094866
2017;Codigo IBGE;3536109;6;45094866
2017;Codigo IBGE;3536208;7;45094866
2017;Codigo IBGE;3536307;4;45094866
2017;Codigo IBGE;3536406;1;45094866
2017;Codigo IBGE;3536505;7;45094866
2017;Codigo IBGE;3536604;2;45094866
2017;Codigo IBGE;3536703;8;45094866
2017;Codigo IBGE;3536802;1;45094866
2017;Codigo IBGE;3537008;1;45094866
2017;Codigo IBGE;3537107;4;45094866
2017;Codigo IBGE;3537305;5;45094866
2017;Codigo IBGE;3537404;3;45094866
2017;Codigo IBGE;3537503;4;45094866
2017;Codigo IBGE;3537602;14;45094866
2017;Codigo IBGE;3537701;1;45094866
2017;Codigo IBGE;3537800;11;45094866
2017;Codigo IBGE;3537909;9;45094866
2017;Codigo IBGE;3538006;29;45094866
2017;Codigo IBGE;3538105;2;45094866
2017;Codigo IBGE;3538204;3;45094866
2017;Codigo IBGE;3538501;1;45094866
2017;Codigo IBGE;3538600;4;45094866
2017;Codigo IBGE;3538709;60;45094866
2017;Codigo IBGE;3538808;4;45094866
2017;Codigo IBGE;3538907;4;45094866
2017;Codigo IBGE;3539004;2;45094866
2017;Codigo IBGE;3539202;4;45094866
2017;Codigo IBGE;3539301;10;45094866
2017;Codigo IBGE;3539509;11;45094866
2017;Codigo IBGE;3539608;1;45094866
2017;Codigo IBGE;3539707;1;45094866
2017;Codigo IBGE;3539806;5;45094866
2017;Codigo IBGE;3539905;1;45094866
2017;Codigo IBGE;3540002;1;45094866
2017;Codigo IBGE;3540101;1;45094866
2017;Codigo IBGE;3540200;7;45094866
2017;Codigo IBGE;3540507;1;45094866
2017;Codigo IBGE;3540606;16;45094866
2017;Codigo IBGE;3540705;12;45094866
2017;Codigo IBGE;3540754;3;45094866
2017;Codigo IBGE;3540804;2;45094866
2017;Codigo IBGE;3540903;1;45094866
2017;Codigo IBGE;3541000;51;45094866
2017;Codigo IBGE;3541208;1;45094866
2017;Codigo IBGE;3541307;8;45094866
2017;Codigo IBGE;3541406;30;45094866
2017;Codigo IBGE;3541505;4;45094866
2017;Codigo IBGE;3541604;7;45094866
2017;Codigo IBGE;3541653;2;45094866
2017;Codigo IBGE;3541901;3;45094866
2017;Codigo IBGE;3542008;3;45094866
2017;Codigo IBGE;3542107;3;45094866
2017;Codigo IBGE;3542206;12;45094866
2017;Codigo IBGE;3542404;2;45094866
2017;Codigo IBGE;3542503;4;45094866
2017;Codigo IBGE;3542602;8;45094866
2017;Codigo IBGE;3542701;3;45094866
2017;Codigo IBGE;3542909;1;45094866
2017;Codigo IBGE;3543006;2;45094866
2017;Codigo IBGE;3543204;1;45094866
2017;Codigo IBGE;3543303;34;45094866
2017;Codigo IBGE;3543402;88;45094866
2017;Codigo IBGE;3543600;1;45094866
2017;Codigo IBGE;3543709;3;45094866
2017;Codigo IBGE;3543907;27;45094866
2017;Codigo IBGE;3544004;6;45094866
2017;Codigo IBGE;3544103;1;45094866
2017;Codigo IBGE;3544202;2;45094866
2017;Codigo IBGE;3544251;1;45094866
2017;Codigo IBGE;3544301;2;45094866
2017;Codigo IBGE;3544608;5;45094866
2017;Codigo IBGE;3544806;2;45094866
2017;Codigo IBGE;3544905;2;45094866
2017;Codigo IBGE;3545001;2;45094866
2017;Codigo IBGE;3545159;1;45094866
2017;Codigo IBGE;3545209;9;45094866
2017;Codigo IBGE;3545308;13;45094866
2017;Codigo IBGE;3545407;6;45094866
2017;Codigo IBGE;3545506;3;45094866
2017;Codigo IBGE;3545605;1;45094866
2017;Codigo IBGE;3545704;2;45094866
2017;Codigo IBGE;3545803;21;45094866
2017;Codigo IBGE;3546009;1;45094866
2017;Codigo IBGE;3546207;7;45094866
2017;Codigo IBGE;3546256;1;45094866
2017;Codigo IBGE;3546306;3;45094866
2017;Codigo IBGE;3546405;9;45094866
2017;Codigo IBGE;3546603;4;45094866
2017;Codigo IBGE;3546702;3;45094866
2017;Codigo IBGE;3546801;17;45094866
2017;Codigo IBGE;3547007;3;45094866
2017;Codigo IBGE;3547106;1;45094866
2017;Codigo IBGE;3547205;1;45094866
2017;Codigo IBGE;3547304;11;45094866
2017;Codigo IBGE;3547502;7;45094866
2017;Codigo IBGE;3547601;2;45094866
2017;Codigo IBGE;3547650;2;45094866
2017;Codigo IBGE;3547700;1;45094866
2017;Codigo IBGE;3547809;39;45094866
2017;Codigo IBGE;3547908;2;45094866
2017;Codigo IBGE;3548005;2;45094866
2017;Codigo IBGE;3548054;1;45094866
2017;Codigo IBGE;3548104;2;45094866
2017;Codigo IBGE;3548302;1;45094866
2017;Codigo IBGE;3548401;2;45094866
2017;Codigo IBGE;3548500;53;45094866
2017;Codigo IBGE;3548609;4;45094866
2017;Codigo IBGE;3548708;81;45094866
2017;Codigo IBGE;3548807;4;45094866
2017;Codigo IBGE;3548906;27;45094866
2017;Codigo IBGE;3549102;13;45094866
2017;Codigo IBGE;3549409;10;45094866
2017;Codigo IBGE;3549607;1;45094866
2017;Codigo IBGE;3549706;7;45094866
2017;Codigo IBGE;3549805;68;45094866
2017;Codigo IBGE;3549904;74;45094866
2017;Codigo IBGE;3549953;2;45094866
2017;Codigo IBGE;3550001;2;45094866
2017;Codigo IBGE;3550100;17;45094866
2017;Codigo IBGE;3550308;822;45094866
2017;Codigo IBGE;3550407;7;45094866
2017;Codigo IBGE;3550506;2;45094866
2017;Codigo IBGE;3550605;29;45094866
2017;Codigo IBGE;3550704;19;45094866
2017;Codigo IBGE;3550803;1;45094866
2017;Codigo IBGE;3550902;4;45094866
2017;Codigo IBGE;3551009;29;45094866
2017;Codigo IBGE;3551405;2;45094866
2017;Codigo IBGE;3551504;5;45094866
2017;Codigo IBGE;3551603;3;45094866
2017;Codigo IBGE;3551702;24;45094866
2017;Codigo IBGE;3551801;1;45094866
2017;Codigo IBGE;3551900;2;45094866
2017;Codigo IBGE;3552007;1;45094866
2017;Codigo IBGE;3552106;10;45094866
2017;Codigo IBGE;3552205;83;45094866
2017;Codigo IBGE;3552304;1;45094866
2017;Codigo IBGE;3552403;32;45094866
2017;Codigo IBGE;3552502;26;45094866
2017;Codigo IBGE;3552551;1;45094866
2017;Codigo IBGE;3552601;4;45094866
2017;Codigo IBGE;3552700;3;45094866
2017;Codigo IBGE;3552809;16;45094866
2017;Codigo IBGE;3552908;3;45094866
2017;Codigo IBGE;3553005;3;45094866
2017;Codigo IBGE;3553203;1;45094866
2017;Codigo IBGE;3553302;2;45094866
2017;Codigo IBGE;3553401;4;45094866
2017;Codigo IBGE;3553500;4;45094866
2017;Codigo IBGE;3553658;2;45094866
2017;Codigo IBGE;3553708;9;45094866
2017;Codigo IBGE;3553807;3;45094866
2017;Codigo IBGE;3553856;1;45094866
2017;Codigo IBGE;3553906;2;45094866
2017;Codigo IBGE;3553955;8;45094866
2017;Codigo IBGE;3554003;29;45094866
2017;Codigo IBGE;3554102;38;45094866
2017;Codigo IBGE;3554300;6;45094866
2017;Codigo IBGE;3554409;1;45094866
2017;Codigo IBGE;3554508;11;45094866
2017;Codigo IBGE;3554706;1;45094866
2017;Codigo IBGE;3554755;1;45094866
2017;Codigo IBGE;3554805;4;45094866
2017;Codigo IBGE;3554904;2;45094866
2017;Codigo IBGE;3555000;12;45094866
2017;Codigo IBGE;3555109;3;45094866
2017;Codigo IBGE;3555307;1;45094866
2017;Codigo IBGE;3555356;3;45094866
2017;Codigo IBGE;3555406;14;45094866
2017;Codigo IBGE;3555604;9;45094866
2017;Codigo IBGE;3555802;1;45094866
2017;Codigo IBGE;3556008;9;45094866
2017;Codigo IBGE;3556107;3;45094866
2017;Codigo IBGE;3556206;10;45094866
2017;Codigo IBGE;3556305;3;45094866
2017;Codigo IBGE;3556354;5;45094866
2017;Codigo IBGE;3556404;5;45094866
2017;Codigo IBGE;3556453;5;45094866
2017;Codigo IBGE;3556503;6;45094866
2017;Codigo IBGE;3556701;9;45094866
2017;Codigo IBGE;3556800;1;45094866
2017;Codigo IBGE;3556909;2;45094866
2017;Codigo IBGE;3556958;1;45094866
2017;Codigo IBGE;3557006;13;45094866
2017;Codigo IBGE;3557105;19;45094866
2017;Codigo IBGE;3557154;3;45094866
2017;Codigo IBGE;3557204;2;45094866
2018;Codigo IBGE;3500105;2;45538936
2018;Codigo IBGE;3500303;8;45538936
2018;Codigo IBGE;3500402;3;45538936
2018;Codigo IBGE;3500501;5;45538936
2018;Codigo IBGE;3500550;3;45538936
2018;Codigo IBGE;3500709;3;45538936
2018;Codigo IBGE;3500758;4;45538936
2018;Codigo IBGE;3500808;1;45538936
2018;Codigo IBGE;3500907;1;45538936
2018;Codigo IBGE;3501004;3;45538936
2018;Codigo IBGE;3501152;1;45538936
2018;Codigo IBGE;3501301;5;45538936
2018;Codigo IBGE;3501509;1;45538936
2018;Codigo IBGE;3501608;21;45538936
2018;Codigo IBGE;3501707;2;45538936
2018;Codigo IBGE;3501806;1;45538936
2018;Codigo IBGE;3501905;16;45538936
2018;Codigo IBGE;3502002;2;45538936
2018;Codigo IBGE;3502101;9;45538936
2018;Codigo IBGE;3502200;4;45538936
2018;Codigo IBGE;3502309;1;45538936
2018;Codigo IBGE;3502408;1;45538936
2018;Codigo IBGE;3502507;4;45538936
2018;Codigo IBGE;3502705;3;45538936
2018;Codigo IBGE;3502754;17;45538936
2018;Codigo IBGE;3502804;26;45538936
2018;Codigo IBGE;3502903;7;45538936
2018;Codigo IBGE;3503000;2;45538936
2018;Codigo IBGE;3503109;1;45538936
2018;Codigo IBGE;3503158;1;45538936
2018;Codigo IBGE;3503208;37;45538936
2018;Codigo IBGE;3503307;21;45538936
2018;Codigo IBGE;3503406;7;45538936
2018;Codigo IBGE;3503505;1;45538936
2018;Codigo IBGE;3503703;1;45538936
2018;Codigo IBGE;3503802;7;45538936
2018;Codigo IBGE;3503901;11;45538936
2018;Codigo IBGE;3504008;18;45538936
2018;Codigo IBGE;3504107;25;45538936
2018;Codigo IBGE;3504305;1;45538936
2018;Codigo IBGE;3504404;4;45538936
2018;Codigo IBGE;3504503;11;45538936
2018;Codigo IBGE;3504602;3;45538936
2018;Codigo IBGE;3504800;2;45538936
2018;Codigo IBGE;3504909;3;45538936
2018;Codigo IBGE;3505005;2;45538936
2018;Codigo IBGE;3505104;2;45538936
2018;Codigo IBGE;3505203;7;45538936
2018;Codigo IBGE;3505302;4;45538936
2018;Codigo IBGE;3505351;1;45538936
2018;Codigo IBGE;3505401;1;45538936
2018;Codigo IBGE;3505500;16;45538936
2018;Codigo IBGE;3505609;6;45538936
2018;Codigo IBGE;3505708;34;45538936
2018;Codigo IBGE;3505807;1;45538936
2018;Codigo IBGE;3505906;15;45538936
2018;Codigo IBGE;3506003;34;45538936
2018;Codigo IBGE;3506102;14;45538936
2018;Codigo IBGE;3506201;1;45538936
2018;Codigo IBGE;3506300;2;45538936
2018;Codigo IBGE;3506359;17;45538936
2018;Codigo IBGE;3506508;20;45538936
2018;Codigo IBGE;3506607;8;45538936
2018;Codigo IBGE;3506706;1;45538936
2018;Codigo IBGE;3506805;4;45538936
2018;Codigo IBGE;3506904;3;45538936
2018;Codigo IBGE;3507001;11;45538936
2018;Codigo IBGE;3507100;4;45538936
2018;Codigo IBGE;3507159;2;45538936
2018;Codigo IBGE;3507209;1;45538936
2018;Codigo IBGE;3507407;3;45538936
2018;Codigo IBGE;3507506;14;45538936
2018;Codigo IBGE;3507605;33;45538936
2018;Codigo IBGE;3507704;1;45538936
2018;Codigo IBGE;3507803;3;45538936
2018;Codigo IBGE;3507902;2;45538936
2018;Codigo IBGE;3508009;2;45538936
2018;Codigo IBGE;3508108;3;45538936
2018;Codigo IBGE;3508207;3;45538936
2018;Codigo IBGE;3508405;8;45538936
2018;Codigo IBGE;3508504;20;45538936
2018;Codigo IBGE;3508603;8;45538936
2018;Codigo IBGE;3508702;1;45538936
2018;Codigo IBGE;3508801;4;45538936
2018;Codigo IBGE;3508900;1;45538936
2018;Codigo IBGE;3509007;13;45538936
2018;Codigo IBGE;3509205;15;45538936
2018;Codigo IBGE;3509254;9;45538936
2018;Codigo IBGE;3509304;3;45538936
2018;Codigo IBGE;3509403;4;45538936
2018;Codigo IBGE;3509452;2;45538936
2018;Codigo IBGE;3509502;125;45538936
2018;Codigo IBGE;3509601;8;45538936
2018;Codigo IBGE;3509700;9;45538936
2018;Codigo IBGE;3509809;1;45538936
2018;Codigo IBGE;3509908;3;45538936
2018;Codigo IBGE;3509957;2;45538936
2018;Codigo IBGE;3510005;4;45538936
2018;Codigo IBGE;3510203;3;45538936
2018;Codigo IBGE;3510302;5;45538936
2018;Codigo IBGE;3510401;10;45538936
2018;Codigo IBGE;3510500;16;45538936
2018;Codigo IBGE;3510609;30;45538936
2018;Codigo IBGE;3510708;5;45538936
2018;Codigo IBGE;3510807;10;45538936
2018;Codigo IBGE;3511003;1;45538936
2018;Codigo IBGE;3511102;10;45538936
2018;Codigo IBGE;3511201;3;45538936
2018;Codigo IBGE;3511300;7;45538936
2018;Codigo IBGE;3511409;5;45538936
2018;Codigo IBGE;3511508;10;45538936
2018;Codigo IBGE;3511607;4;45538936
2018;Codigo IBGE;3511706;1;45538936
2018;Codigo IBGE;3511904;2;45538936
2018;Codigo IBGE;3512001;5;45538936
2018;Codigo IBGE;3512100;2;45538936
2018;Codigo IBGE;3512209;3;45538936
2018;Codigo IBGE;3512308;2;45538936
2018;Codigo IBGE;3512407;2;45538936
2018;Codigo IBGE;3512506;2;45538936
2018;Codigo IBGE;3512605;3;45538936
2018;Codigo IBGE;3512704;1;45538936
2018;Codigo IBGE;3512803;8;45538936
2018;Codigo IBGE;3512902;2;45538936
2018;Codigo IBGE;3513009;33;45538936
2018;Codigo IBGE;3513108;5;45538936
2018;Codigo IBGE;3513207;3;45538936
2018;Codigo IBGE;3513405;9;45538936
2018;Codigo IBGE;3513504;32;45538936
2018;Codigo IBGE;3513603;4;45538936
2018;Codigo IBGE;3513702;7;45538936
2018;Codigo IBGE;3513801;35;45538936
2018;Codigo IBGE;3513850;1;45538936
2018;Codigo IBGE;3513900;4;45538936
2018;Codigo IBGE;3514007;1;45538936
2018;Codigo IBGE;3514106;12;45538936
2018;Codigo IBGE;3514205;1;45538936
2018;Codigo IBGE;3514304;3;45538936
2018;Codigo IBGE;3514403;8;45538936
2018;Codigo IBGE;3514502;1;45538936
2018;Codigo IBGE;3514700;2;45538936
2018;Codigo IBGE;3514809;6;45538936
2018;Codigo IBGE;3514924;2;45538936
2018;Codigo IBGE;3515004;15;45538936
2018;Codigo IBGE;3515103;8;45538936
2018;Codigo IBGE;3515152;1;45538936
2018;Codigo IBGE;3515186;8;45538936
2018;Codigo IBGE;3515194;1;45538936
2018;Codigo IBGE;3515202;2;45538936
2018;Codigo IBGE;3515301;1;45538936
2018;Codigo IBGE;3515350;1;45538936
2018;Codigo IBGE;3515400;2;45538936
2018;Codigo IBGE;3515509;12;45538936
2018;Codigo IBGE;3515608;4;45538936
2018;Codigo IBGE;3515707;6;45538936
2018;Codigo IBGE;3515905;1;45538936
2018;Codigo IBGE;3516002;5;45538936
2018;Codigo IBGE;3516101;2;45538936
2018;Codigo IBGE;3516200;54;45538936
2018;Codigo IBGE;3516309;5;45538936
2018;Codigo IBGE;3516408;15;45538936
2018;Codigo IBGE;3516606;1;45538936
2018;Codigo IBGE;3516705;4;45538936
2018;Codigo IBGE;3516804;1;45538936
2018;Codigo IBGE;3516853;3;45538936
2018;Codigo IBGE;3516903;6;45538936
2018;Codigo IBGE;3517000;3;45538936
2018;Codigo IBGE;3517109;2;45538936
2018;Codigo IBGE;3517208;3;45538936
2018;Codigo IBGE;3517307;1;45538936
2018;Codigo IBGE;3517406;2;45538936
2018;Codigo IBGE;3517505;4;45538936
2018;Codigo IBGE;3517604;1;45538936
2018;Codigo IBGE;3517703;2;45538936
2018;Codigo IBGE;3517802;3;45538936
2018;Codigo IBGE;3517901;1;45538936
2018;Codigo IBGE;3518107;2;45538936
2018;Codigo IBGE;3518206;4;45538936
2018;Codigo IBGE;3518305;8;45538936
2018;Codigo IBGE;3518404;19;45538936
2018;Codigo IBGE;3518503;6;45538936
2018;Codigo IBGE;3518602;1;45538936
2018;Codigo IBGE;3518701;36;45538936
2018;Codigo IBGE;3518800;142;45538936
2018;Codigo IBGE;3518859;1;45538936
2018;Codigo IBGE;3518909;2;45538936
2018;Codigo IBGE;3519006;5;45538936
2018;Codigo IBGE;3519071;30;45538936
2018;Codigo IBGE;3519204;1;45538936
2018;Codigo IBGE;3519253;1;45538936
2018;Codigo IBGE;3519303;6;45538936
2018;Codigo IBGE;3519402;1;45538936
2018;Codigo IBGE;3519600;14;45538936
2018;Codigo IBGE;3519709;23;45538936
2018;Codigo IBGE;3519808;2;45538936
2018;Codigo IBGE;3520004;1;45538936
2018;Codigo IBGE;3520202;8;45538936
2018;Codigo IBGE;3520301;12;45538936
2018;Codigo IBGE;3520400;3;45538936
2018;Codigo IBGE;3520426;2;45538936
2018;Codigo IBGE;3520442;3;45538936
2018;Codigo IBGE;3520509;26;45538936
2018;Codigo IBGE;3520608;4;45538936
2018;Codigo IBGE;3520707;6;45538936
2018;Codigo IBGE;3520806;1;45538936
2018;Codigo IBGE;3520905;1;45538936
2018;Codigo IBGE;3521002;4;45538936
2018;Codigo IBGE;3521101;3;45538936
2018;Codigo IBGE;3521507;10;45538936
2018;Codigo IBGE;3521606;1;45538936
2018;Codigo IBGE;3521705;11;45538936
2018;Codigo IBGE;3521804;4;45538936
2018;Codigo IBGE;3521903;8;45538936
2018;Codigo IBGE;3522109;18;45538936
2018;Codigo IBGE;3522208;15;45538936
2018;Codigo IBGE;3522307;22;45538936
2018;Codigo IBGE;3522406;20;45538936
2018;Codigo IBGE;3522505;16;45538936
2018;Codigo IBGE;3522604;19;45538936
2018;Codigo IBGE;3522703;1;45538936
2018;Codigo IBGE;3523008;4;45538936
2018;Codigo IBGE;3523107;35;45538936
2018;Codigo IBGE;3523206;6;45538936
2018;Codigo IBGE;3523305;15;45538936
2018;Codigo IBGE;3523404;21;45538936
2018;Codigo IBGE;3523503;5;45538936
2018;Codigo IBGE;3523602;5;45538936
2018;Codigo IBGE;3523701;3;45538936
2018;Codigo IBGE;3523800;1;45538936
2018;Codigo IBGE;3523909;38;45538936
2018;Codigo IBGE;3524006;9;45538936
2018;Codigo IBGE;3524105;3;45538936
2018;Codigo IBGE;3524303;7;45538936
2018;Codigo IBGE;3524402;28;45538936
2018;Codigo IBGE;3524501;1;45538936
2018;Codigo IBGE;3524600;7;45538936
2018;Codigo IBGE;3524709;9;45538936
2018;Codigo IBGE;3524808;2;45538936
2018;Codigo IBGE;3524907;2;45538936
2018;Codigo IBGE;3525003;13;45538936
2018;Codigo IBGE;3525102;6;45538936
2018;Codigo IBGE;3525201;8;45538936
2018;Codigo IBGE;3525300;28;45538936
2018;Codigo IBGE;3525409;3;45538936
2018;Codigo IBGE;3525607;2;45538936
2018;Codigo IBGE;3525706;5;45538936
2018;Codigo IBGE;3525805;1;45538936
2018;Codigo IBGE;3525854;1;45538936
2018;Codigo IBGE;3525904;64;45538936
2018;Codigo IBGE;3526100;3;45538936
2018;Codigo IBGE;3526209;15;45538936
2018;Codigo IBGE;3526407;1;45538936
2018;Codigo IBGE;3526506;1;45538936
2018;Codigo IBGE;3526704;11;45538936
2018;Codigo IBGE;3526803;6;45538936
2018;Codigo IBGE;3526902;38;45538936
2018;Codigo IBGE;3527009;1;45538936
2018;Codigo IBGE;3527108;9;45538936
2018;Codigo IBGE;3527207;11;45538936
2018;Codigo IBGE;3527306;3;45538936
2018;Codigo IBGE;3527405;6;45538936
2018;Codigo IBGE;3527504;2;45538936
2018;Codigo IBGE;3527603;3;45538936
2018;Codigo IBGE;3527702;1;45538936
2018;Codigo IBGE;3528007;1;45538936
2018;Codigo IBGE;3528304;1;45538936
2018;Codigo IBGE;3528403;5;45538936
2018;Codigo IBGE;3528502;15;45538936
2018;Codigo IBGE;3528601;2;45538936
2018;Codigo IBGE;3528700;1;45538936
2018;Codigo IBGE;3528809;3;45538936
2018;Codigo IBGE;3528858;1;45538936
2018;Codigo IBGE;3529005;31;45538936
2018;Codigo IBGE;3529203;6;45538936
2018;Codigo IBGE;3529302;12;45538936
2018;Codigo IBGE;3529401;17;45538936
2018;Codigo IBGE;3529500;1;45538936
2018;Codigo IBGE;3529658;1;45538936
2018;Codigo IBGE;3529708;3;45538936
2018;Codigo IBGE;3529807;3;45538936
2018;Codigo IBGE;3529906;18;45538936
2018;Codigo IBGE;3530003;1;45538936
2018;Codigo IBGE;3530102;4;45538936
2018;Codigo IBGE;3530201;2;45538936
2018;Codigo IBGE;3530300;6;45538936
2018;Codigo IBGE;3530508;11;45538936
2018;Codigo IBGE;3530607;66;45538936
2018;Codigo IBGE;3530706;25;45538936
2018;Codigo IBGE;3530805;21;45538936
2018;Codigo IBGE;3531100;8;45538936
2018;Codigo IBGE;3531209;2;45538936
2018;Codigo IBGE;3531308;7;45538936
2018;Codigo IBGE;3531407;2;45538936
2018;Codigo IBGE;3531506;2;45538936
2018;Codigo IBGE;3531605;2;45538936
2018;Codigo IBGE;3531704;2;45538936
2018;Codigo IBGE;3531803;10;45538936
2018;Codigo IBGE;3531902;7;45538936
2018;Codigo IBGE;3532157;1;45538936
2018;Codigo IBGE;3532306;2;45538936
2018;Codigo IBGE;3532405;7;45538936
2018;Codigo IBGE;3532603;1;45538936
2018;Codigo IBGE;3532801;1;45538936
2018;Codigo IBGE;3532827;1;45538936
2018;Codigo IBGE;3533007;7;45538936
2018;Codigo IBGE;3533205;1;45538936
2018;Codigo IBGE;3533403;7;45538936
2018;Codigo IBGE;3533502;5;45538936
2018;Codigo IBGE;3533700;4;45538936
2018;Codigo IBGE;3533908;6;45538936
2018;Codigo IBGE;3534104;3;45538936
2018;Codigo IBGE;3534302;4;45538936
2018;Codigo IBGE;3534401;41;45538936
2018;Codigo IBGE;3534609;1;45538936
2018;Codigo IBGE;3534708;9;45538936
2018;Codigo IBGE;3534757;5;45538936
2018;Codigo IBGE;3534906;1;45538936
2018;Codigo IBGE;3535002;2;45538936
2018;Codigo IBGE;3535101;1;45538936
2018;Codigo IBGE;3535200;3;45538936
2018;Codigo IBGE;3535309;3;45538936
2018;Codigo IBGE;3535408;4;45538936
2018;Codigo IBGE;3535507;9;45538936
2018;Codigo IBGE;3535606;4;45538936
2018;Codigo IBGE;3535804;3;45538936
2018;Codigo IBGE;3535903;1;45538936
2018;Codigo IBGE;3536000;6;45538936
2018;Codigo IBGE;3536208;7;45538936
2018;Codigo IBGE;3536307;4;45538936
2018;Codigo IBGE;3536406;3;45538936
2018;Codigo IBGE;3536505;9;45538936
2018;Codigo IBGE;3536570;2;45538936
2018;Codigo IBGE;3536604;2;45538936
2018;Codigo IBGE;3536703;6;45538936
2018;Codigo IBGE;3536802;1;45538936
2018;Codigo IBGE;3536901;1;45538936
2018;Codigo IBGE;3537008;1;45538936
2018;Codigo IBGE;3537107;3;45538936
2018;Codigo IBGE;3537156;1;45538936
2018;Codigo IBGE;3537206;2;45538936
2018;Codigo IBGE;3537305;8;45538936
2018;Codigo IBGE;3537404;3;45538936
2018;Codigo IBGE;3537503;2;45538936
2018;Codigo IBGE;3537602;10;45538936
2018;Codigo IBGE;3537701;2;45538936
2018;Codigo IBGE;3537800;17;45538936
2018;Codigo IBGE;3537909;8;45538936
2018;Codigo IBGE;3538006;18;45538936
2018;Codigo IBGE;3538105;9;45538936
2018;Codigo IBGE;3538204;5;45538936
2018;Codigo IBGE;3538501;1;45538936
2018;Codigo IBGE;3538600;9;45538936
2018;Codigo IBGE;3538709;47;45538936
2018;Codigo IBGE;3538808;6;45538936
2018;Codigo IBGE;3538907;2;45538936
2018;Codigo IBGE;3539103;1;45538936
2018;Codigo IBGE;3539202;4;45538936
2018;Codigo IBGE;3539301;14;45538936
2018;Codigo IBGE;3539400;7;45538936
2018;Codigo IBGE;3539509;8;45538936
2018;Codigo IBGE;3539608;5;45538936
2018;Codigo IBGE;3539707;1;45538936
2018;Codigo IBGE;3539806;9;45538936
2018;Codigo IBGE;3539905;2;45538936
2018;Codigo IBGE;3540002;4;45538936
2018;Codigo IBGE;3540101;1;45538936
2018;Codigo IBGE;3540200;5;45538936
2018;Codigo IBGE;3540259;1;45538936
2018;Codigo IBGE;3540408;1;45538936
2018;Codigo IBGE;3540507;8;45538936
2018;Codigo IBGE;3540606;12;45538936
2018;Codigo IBGE;3540705;9;45538936
2018;Codigo IBGE;3540804;1;45538936
2018;Codigo IBGE;3540903;3;45538936
2018;Codigo IBGE;3541000;49;45538936
2018;Codigo IBGE;3541059;7;45538936
2018;Codigo IBGE;3541208;2;45538936
2018;Codigo IBGE;3541307;8;45538936
2018;Codigo IBGE;3541406;20;45538936
2018;Codigo IBGE;3541505;5;45538936
2018;Codigo IBGE;3541604;4;45538936
2018;Codigo IBGE;3541653;3;45538936
2018;Codigo IBGE;3541703;2;45538936
2018;Codigo IBGE;3541901;4;45538936
2018;Codigo IBGE;3542107;2;45538936
2018;Codigo IBGE;3542206;6;45538936
2018;Codigo IBGE;3542305;1;45538936
2018;Codigo IBGE;3542404;3;45538936
2018;Codigo IBGE;3542503;1;45538936
2018;Codigo IBGE;3542602;12;45538936
2018;Codigo IBGE;3542701;1;45538936
2018;Codigo IBGE;3543006;2;45538936
2018;Codigo IBGE;3543204;3;45538936
2018;Codigo IBGE;3543253;1;45538936
2018;Codigo IBGE;3543303;19;45538936
2018;Codigo IBGE;3543402;87;45538936
2018;Codigo IBGE;3543600;3;45538936
2018;Codigo IBGE;3543709;2;45538936
2018;Codigo IBGE;3543907;27;45538936
2018;Codigo IBGE;3544004;5;45538936
2018;Codigo IBGE;3544251;3;45538936
2018;Codigo IBGE;3544301;2;45538936
2018;Codigo IBGE;3544400;2;45538936
2018;Codigo IBGE;3544509;5;45538936
2018;Codigo IBGE;3544806;3;45538936
2018;Codigo IBGE;3544905;2;45538936
2018;Codigo IBGE;3545001;4;45538936
2018;Codigo IBGE;3545100;2;45538936
2018;Codigo IBGE;3545209;14;45538936
2018;Codigo IBGE;3545308;13;45538936
2018;Codigo IBGE;3545407;4;45538936
2018;Codigo IBGE;3545506;2;45538936
2018;Codigo IBGE;3545605;2;45538936
2018;Codigo IBGE;3545704;1;45538936
2018;Codigo IBGE;3545803;13;45538936
2018;Codigo IBGE;3546207;3;45538936
2018;Codigo IBGE;3546306;6;45538936
2018;Codigo IBGE;3546405;6;45538936
2018;Codigo IBGE;3546603;4;45538936
2018;Codigo IBGE;3546702;7;45538936
2018;Codigo IBGE;3546801;12;45538936
2018;Codigo IBGE;3546900;2;45538936
2018;Codigo IBGE;3547007;1;45538936
2018;Codigo IBGE;3547106;3;45538936
2018;Codigo IBGE;3547304;15;45538936
2018;Codigo IBGE;3547403;1;45538936
2018;Codigo IBGE;3547502;8;45538936
2018;Codigo IBGE;3547650;1;45538936
2018;Codigo IBGE;3547700;3;45538936
2018;Codigo IBGE;3547809;32;45538936
2018;Codigo IBGE;3547908;6;45538936
2018;Codigo IBGE;3548005;5;45538936
2018;Codigo IBGE;3548054;7;45538936
2018;Codigo IBGE;3548104;6;45538936
2018;Codigo IBGE;3548203;2;45538936
2018;Codigo IBGE;3548302;2;45538936
2018;Codigo IBGE;3548401;2;45538936
2018;Codigo IBGE;3548500;52;45538936
2018;Codigo IBGE;3548609;4;45538936
2018;Codigo IBGE;3548708;81;45538936
2018;Codigo IBGE;3548807;6;45538936
2018;Codigo IBGE;3548906;28;45538936
2018;Codigo IBGE;3549102;11;45538936
2018;Codigo IBGE;3549250;1;45538936
2018;Codigo IBGE;3549300;1;45538936
2018;Codigo IBGE;3549409;11;45538936
2018;Codigo IBGE;3549508;1;45538936
2018;Codigo IBGE;3549706;5;45538936
2018;Codigo IBGE;3549805;63;45538936
2018;Codigo IBGE;3549904;71;45538936
2018;Codigo IBGE;3549953;5;45538936
2018;Codigo IBGE;3550001;1;45538936
2018;Codigo IBGE;3550100;7;45538936
2018;Codigo IBGE;3550209;3;45538936
2018;Codigo IBGE;3550308;837;45538936
2018;Codigo IBGE;3550407;1;45538936
2018;Codigo IBGE;3550506;1;45538936
2018;Codigo IBGE;3550605;21;45538936
2018;Codigo IBGE;3550704;11;45538936
2018;Codigo IBGE;3550902;4;45538936
2018;Codigo IBGE;3551009;40;45538936
2018;Codigo IBGE;3551108;2;45538936
2018;Codigo IBGE;3551504;1;45538936
2018;Codigo IBGE;3551603;6;45538936
2018;Codigo IBGE;3551702;16;45538936
2018;Codigo IBGE;3551801;3;45538936
2018;Codigo IBGE;3551900;2;45538936
2018;Codigo IBGE;3552007;1;45538936
2018;Codigo IBGE;3552106;9;45538936
2018;Codigo IBGE;3552205;90;45538936
2018;Codigo IBGE;3552304;3;45538936
2018;Codigo IBGE;3552403;16;45538936
2018;Codigo IBGE;3552502;26;45538936
2018;Codigo IBGE;3552551;1;45538936
2018;Codigo IBGE;3552601;4;45538936
2018;Codigo IBGE;3552700;4;45538936
2018;Codigo IBGE;3552809;15;45538936
2018;Codigo IBGE;3552908;3;45538936
2018;Codigo IBGE;3553005;2;45538936
2018;Codigo IBGE;3553302;6;45538936
2018;Codigo IBGE;3553401;6;45538936
2018;Codigo IBGE;3553500;1;45538936
2018;Codigo IBGE;3553609;5;45538936
2018;Codigo IBGE;3553708;10;45538936
2018;Codigo IBGE;3553807;8;45538936
2018;Codigo IBGE;3553856;4;45538936
2018;Codigo IBGE;3553955;1;45538936
2018;Codigo IBGE;3554003;24;45538936
2018;Codigo IBGE;3554102;44;45538936
2018;Codigo IBGE;3554201;1;45538936
2018;Codigo IBGE;3554300;4;45538936
2018;Codigo IBGE;3554508;13;45538936
2018;Codigo IBGE;3554607;1;45538936
2018;Codigo IBGE;3554706;2;45538936
2018;Codigo IBGE;3554805;5;45538936
2018;Codigo IBGE;3554904;2;45538936
2018;Codigo IBGE;3554953;2;45538936
2018;Codigo IBGE;3555000;11;45538936
2018;Codigo IBGE;3555109;3;45538936
2018;Codigo IBGE;3555208;1;45538936
2018;Codigo IBGE;3555406;21;45538936
2018;Codigo IBGE;3555505;1;45538936
2018;Codigo IBGE;3555604;2;45538936
2018;Codigo IBGE;3555802;3;45538936
2018;Codigo IBGE;3556008;4;45538936
2018;Codigo IBGE;3556107;2;45538936
2018;Codigo IBGE;3556206;11;45538936
2018;Codigo IBGE;3556305;1;45538936
2018;Codigo IBGE;3556354;1;45538936
2018;Codigo IBGE;3556404;3;45538936
2018;Codigo IBGE;3556453;2;45538936
2018;Codigo IBGE;3556503;10;45538936
2018;Codigo IBGE;3556602;3;45538936
2018;Codigo IBGE;3556701;9;45538936
2018;Codigo IBGE;3556800;5;45538936
2018;Codigo IBGE;3556909;1;45538936
2018;Codigo IBGE;3556958;1;45538936
2018;Codigo IBGE;3557006;7;45538936
2018;Codigo IBGE;3557105;19;45538936
2019;Codigo IBGE;3500303;8;45919049
2019;Codigo IBGE;3500402;4;45919049
2019;Codigo IBGE;3500501;3;45919049
2019;Codigo IBGE;3500550;4;45919049
2019;Codigo IBGE;3500709;2;45919049
2019;Codigo IBGE;3500758;4;45919049
2019;Codigo IBGE;3500808;4;45919049
2019;Codigo IBGE;3500907;1;45919049
2019;Codigo IBGE;3501004;7;45919049
2019;Codigo IBGE;3501152;3;45919049
2019;Codigo IBGE;3501202;3;45919049
2019;Codigo IBGE;3501608;26;45919049
2019;Codigo IBGE;3501707;2;45919049
2019;Codigo IBGE;3501806;1;45919049
2019;Codigo IBGE;3501905;8;45919049
2019;Codigo IBGE;3502101;11;45919049
2019;Codigo IBGE;3502200;12;45919049
2019;Codigo IBGE;3502309;1;45919049
2019;Codigo IBGE;3502507;7;45919049
2019;Codigo IBGE;3502606;2;45919049
2019;Codigo IBGE;3502705;3;45919049
2019;Codigo IBGE;3502754;7;45919049
2019;Codigo IBGE;3502804;19;45919049
2019;Codigo IBGE;3502903;11;45919049
2019;Codigo IBGE;3503000;1;45919049
2019;Codigo IBGE;3503109;1;45919049
2019;Codigo IBGE;3503208;38;45919049
2019;Codigo IBGE;3503307;11;45919049
2019;Codigo IBGE;3503406;2;45919049
2019;Codigo IBGE;3503604;1;45919049
2019;Codigo IBGE;3503703;2;45919049
2019;Codigo IBGE;3503802;8;45919049
2019;Codigo IBGE;3503901;17;45919049
2019;Codigo IBGE;3504008;8;45919049
2019;Codigo IBGE;3504107;32;45919049
2019;Codigo IBGE;3504206;2;45919049
2019;Codigo IBGE;3504305;3;45919049
2019;Codigo IBGE;3504404;1;45919049
2019;Codigo IBGE;3504503;24;45919049
2019;Codigo IBGE;3504602;2;45919049
2019;Codigo IBGE;3504800;1;45919049
2019;Codigo IBGE;3505104;3;45919049
2019;Codigo IBGE;3505203;3;45919049
2019;Codigo IBGE;3505302;1;45919049
2019;Codigo IBGE;3505401;6;45919049
2019;Codigo IBGE;3505500;22;45919049
2019;Codigo IBGE;3505609;4;45919049
2019;Codigo IBGE;3505708;33;45919049
2019;Codigo IBGE;3505807;6;45919049
2019;Codigo IBGE;3505906;7;45919049
2019;Codigo IBGE;3506003;37;45919049
2019;Codigo IBGE;3506102;13;45919049
2019;Codigo IBGE;3506201;1;45919049
2019;Codigo IBGE;3506300;4;45919049
2019;Codigo IBGE;3506359;15;45919049
2019;Codigo IBGE;3506409;1;45919049
2019;Codigo IBGE;3506508;8;45919049
2019;Codigo IBGE;3506607;4;45919049
2019;Codigo IBGE;3506706;6;45919049
2019;Codigo IBGE;3506805;4;45919049
2019;Codigo IBGE;3506904;1;45919049
2019;Codigo IBGE;3507001;7;45919049
2019;Codigo IBGE;3507100;4;45919049
2019;Codigo IBGE;3507159;1;45919049
2019;Codigo IBGE;3507209;1;45919049
2019;Codigo IBGE;3507407;10;45919049
2019;Codigo IBGE;3507456;2;45919049
2019;Codigo IBGE;3507506;18;45919049
2019;Codigo IBGE;3507605;28;45919049
2019;Codigo IBGE;3507803;3;45919049
2019;Codigo IBGE;3507902;8;45919049
2019;Codigo IBGE;3508108;8;45919049
2019;Codigo IBGE;3508207;4;45919049
2019;Codigo IBGE;3508405;4;45919049
2019;Codigo IBGE;3508504;28;45919049
2019;Codigo IBGE;3508603;5;45919049
2019;Codigo IBGE;3508702;2;45919049
2019;Codigo IBGE;3508801;6;45919049
2019;Codigo IBGE;3508900;3;45919049
2019;Codigo IBGE;3509007;15;45919049
2019;Codigo IBGE;3509205;16;45919049
2019;Codigo IBGE;3509254;12;45919049
2019;Codigo IBGE;3509403;6;45919049
2019;Codigo IBGE;3509452;1;45919049
2019;Codigo IBGE;3509502;121;45919049
2019;Codigo IBGE;3509601;12;45919049
2019;Codigo IBGE;3509700;6;45919049
2019;Codigo IBGE;3509957;1;45919049
2019;Codigo IBGE;3510005;2;45919049
2019;Codigo IBGE;3510104;1;45919049
2019;Codigo IBGE;3510153;1;45919049
2019;Codigo IBGE;3510203;16;45919049
2019;Codigo IBGE;3510302;4;45919049
2019;Codigo IBGE;3510401;6;45919049
2019;Codigo IBGE;3510500;10;45919049
2019;Codigo IBGE;3510609;25;45919049
2019;Codigo IBGE;3510708;1;45919049
2019;Codigo IBGE;3510807;12;45919049
2019;Codigo IBGE;3511003;1;45919049
2019;Codigo IBGE;3511102;19;45919049
2019;Codigo IBGE;3511201;6;45919049
2019;Codigo IBGE;3511300;5;45919049
2019;Codigo IBGE;3511409;4;45919049
2019;Codigo IBGE;3511508;5;45919049
2019;Codigo IBGE;3511607;3;45919049
2019;Codigo IBGE;3511706;4;45919049
2019;Codigo IBGE;3511904;7;45919049
2019;Codigo IBGE;3512001;4;45919049
2019;Codigo IBGE;3512100;1;45919049
2019;Codigo IBGE;3512209;5;45919049
2019;Codigo IBGE;3512308;4;45919049
2019;Codigo IBGE;3512407;3;45919049
2019;Codigo IBGE;3512506;1;45919049
2019;Codigo IBGE;3512605;2;45919049
2019;Codigo IBGE;3512704;2;45919049
2019;Codigo IBGE;3512803;4;45919049
2019;Codigo IBGE;3512902;3;45919049
2019;Codigo IBGE;3513009;21;45919049
2019;Codigo IBGE;3513108;3;45919049
2019;Codigo IBGE;3513207;1;45919049
2019;Codigo IBGE;3513405;11;45919049
2019;Codigo IBGE;3513504;33;45919049
2019;Codigo IBGE;3513603;9;45919049
2019;Codigo IBGE;3513702;5;45919049
2019;Codigo IBGE;3513801;39;45919049
2019;Codigo IBGE;3514007;4;45919049
2019;Codigo IBGE;3514106;1;45919049
2019;Codigo IBGE;3514304;1;45919049
2019;Codigo IBGE;3514403;7;45919049
2019;Codigo IBGE;3514502;1;45919049
2019;Codigo IBGE;3514601;1;45919049
2019;Codigo IBGE;3514700;3;45919049
2019;Codigo IBGE;3514809;1;45919049
2019;Codigo IBGE;3514908;2;45919049
2019;Codigo IBGE;3514924;2;45919049
2019;Codigo IBGE;3515004;29;45919049
2019;Codigo IBGE;3515103;14;45919049
2019;Codigo IBGE;3515152;1;45919049
2019;Codigo IBGE;3515186;4;45919049
2019;Codigo IBGE;3515194;1;45919049
2019;Codigo IBGE;3515202;3;45919049
2019;Codigo IBGE;3515400;3;45919049
2019;Codigo IBGE;3515509;11;45919049
2019;Codigo IBGE;3515707;2;45919049
2019;Codigo IBGE;3515905;1;45919049
2019;Codigo IBGE;3516002;1;45919049
2019;Codigo IBGE;3516101;1;45919049
2019;Codigo IBGE;3516200;42;45919049
2019;Codigo IBGE;3516309;10;45919049
2019;Codigo IBGE;3516408;17;45919049
2019;Codigo IBGE;3516507;1;45919049
2019;Codigo IBGE;3516606;2;45919049
2019;Codigo IBGE;3516705;2;45919049
2019;Codigo IBGE;3516853;1;45919049
2019;Codigo IBGE;3516903;3;45919049
2019;Codigo IBGE;3517000;1;45919049
2019;Codigo IBGE;3517307;4;45919049
2019;Codigo IBGE;3517406;5;45919049
2019;Codigo IBGE;3517505;4;45919049
2019;Codigo IBGE;3517604;3;45919049
2019;Codigo IBGE;3517703;4;45919049
2019;Codigo IBGE;3517901;1;45919049
2019;Codigo IBGE;3518107;1;45919049
2019;Codigo IBGE;3518206;2;45919049
2019;Codigo IBGE;3518305;7;45919049
2019;Codigo IBGE;3518404;26;45919049
2019;Codigo IBGE;3518503;5;45919049
2019;Codigo IBGE;3518602;4;45919049
2019;Codigo IBGE;3518701;41;45919049
2019;Codigo IBGE;3518800;105;45919049
2019;Codigo IBGE;3518859;5;45919049
2019;Codigo IBGE;3518909;4;45919049
2019;Codigo IBGE;3519006;4;45919049
2019;Codigo IBGE;3519055;4;45919049
2019;Codigo IBGE;3519071;18;45919049
2019;Codigo IBGE;3519105;5;45919049
2019;Codigo IBGE;3519204;2;45919049
2019;Codigo IBGE;3519303;2;45919049
2019;Codigo IBGE;3519402;3;45919049
2019;Codigo IBGE;3519501;1;45919049
2019;Codigo IBGE;3519600;10;45919049
2019;Codigo IBGE;3519709;16;45919049
2019;Codigo IBGE;3519808;2;45919049
2019;Codigo IBGE;3519907;1;45919049
2019;Codigo IBGE;3520004;5;45919049
2019;Codigo IBGE;3520103;4;45919049
2019;Codigo IBGE;3520202;7;45919049
2019;Codigo IBGE;3520301;4;45919049
2019;Codigo IBGE;3520400;1;45919049
2019;Codigo IBGE;3520426;1;45919049
2019;Codigo IBGE;3520442;4;45919049
2019;Codigo IBGE;3520509;23;45919049
2019;Codigo IBGE;3520608;1;45919049
2019;Codigo IBGE;3520707;1;45919049
2019;Codigo IBGE;3520806;3;45919049
2019;Codigo IBGE;3520905;1;45919049
2019;Codigo IBGE;3521002;4;45919049
2019;Codigo IBGE;3521101;1;45919049
2019;Codigo IBGE;3521150;1;45919049
2019;Codigo IBGE;3521309;4;45919049
2019;Codigo IBGE;3521408;1;45919049
2019;Codigo IBGE;3521507;2;45919049
2019;Codigo IBGE;3521606;1;45919049
2019;Codigo IBGE;3521705;1;45919049
2019;Codigo IBGE;3521804;6;45919049
2019;Codigo IBGE;3521903;7;45919049
2019;Codigo IBGE;3522000;1;45919049
2019;Codigo IBGE;3522109;26;45919049
2019;Codigo IBGE;3522208;20;45919049
2019;Codigo IBGE;3522307;23;45919049
2019;Codigo IBGE;3522406;20;45919049
2019;Codigo IBGE;3522505;13;45919049
2019;Codigo IBGE;3522604;15;45919049
2019;Codigo IBGE;3522703;7;45919049
2019;Codigo IBGE;3522802;2;45919049
2019;Codigo IBGE;3522901;3;45919049
2019;Codigo IBGE;3523008;2;45919049
2019;Codigo IBGE;3523107;32;45919049
2019;Codigo IBGE;3523206;4;45919049
2019;Codigo IBGE;3523305;2;45919049
2019;Codigo IBGE;3523404;17;45919049
2019;Codigo IBGE;3523503;6;45919049
2019;Codigo IBGE;3523602;5;45919049
2019;Codigo IBGE;3523701;4;45919049
2019;Codigo IBGE;3523909;38;45919049
2019;Codigo IBGE;3524006;4;45919049
2019;Codigo IBGE;3524105;3;45919049
2019;Codigo IBGE;3524204;1;45919049
2019;Codigo IBGE;3524303;8;45919049
2019;Codigo IBGE;3524402;43;45919049
2019;Codigo IBGE;3524501;3;45919049
2019;Codigo IBGE;3524600;2;45919049
2019;Codigo IBGE;3524709;13;45919049
2019;Codigo IBGE;3524808;14;45919049
2019;Codigo IBGE;3525003;2;45919049
2019;Codigo IBGE;3525102;7;45919049
2019;Codigo IBGE;3525201;6;45919049
2019;Codigo IBGE;3525300;26;45919049
2019;Codigo IBGE;3525409;2;45919049
2019;Codigo IBGE;3525508;2;45919049
2019;Codigo IBGE;3525607;1;45919049
2019;Codigo IBGE;3525706;10;45919049
2019;Codigo IBGE;3525854;2;45919049
2019;Codigo IBGE;3525904;61;45919049
2019;Codigo IBGE;3526100;6;45919049
2019;Codigo IBGE;3526209;11;45919049
2019;Codigo IBGE;3526308;1;45919049
2019;Codigo IBGE;3526407;3;45919049
2019;Codigo IBGE;3526506;1;45919049
2019;Codigo IBGE;3526605;2;45919049
2019;Codigo IBGE;3526704;8;45919049
2019;Codigo IBGE;3526803;13;45919049
2019;Codigo IBGE;3526902;34;45919049
2019;Codigo IBGE;3527108;10;45919049
2019;Codigo IBGE;3527207;9;45919049
2019;Codigo IBGE;3527306;4;45919049
2019;Codigo IBGE;3527405;2;45919049
2019;Codigo IBGE;3527603;1;45919049
2019;Codigo IBGE;3527702;2;45919049
2019;Codigo IBGE;3528205;4;45919049
2019;Codigo IBGE;3528403;12;45919049
2019;Codigo IBGE;3528502;18;45919049
2019;Codigo IBGE;3528601;3;45919049
2019;Codigo IBGE;3528809;3;45919049
2019;Codigo IBGE;3529005;23;45919049
2019;Codigo IBGE;3529203;9;45919049
2019;Codigo IBGE;3529302;18;45919049
2019;Codigo IBGE;3529401;30;45919049
2019;Codigo IBGE;3529500;3;45919049
2019;Codigo IBGE;3529658;3;45919049
2019;Codigo IBGE;3529708;6;45919049
2019;Codigo IBGE;3529906;16;45919049
2019;Codigo IBGE;3530003;1;45919049
2019;Codigo IBGE;3530102;5;45919049
2019;Codigo IBGE;3530201;6;45919049
2019;Codigo IBGE;3530300;6;45919049
2019;Codigo IBGE;3530409;1;45919049
2019;Codigo IBGE;3530508;6;45919049
2019;Codigo IBGE;3530607;59;45919049
2019;Codigo IBGE;3530706;28;45919049
2019;Codigo IBGE;3530805;25;45919049
2019;Codigo IBGE;3531001;1;45919049
2019;Codigo IBGE;3531100;10;45919049
2019;Codigo IBGE;3531209;1;45919049
2019;Codigo IBGE;3531308;3;45919049
2019;Codigo IBGE;3531407;4;45919049
2019;Codigo IBGE;3531506;5;45919049
2019;Codigo IBGE;3531803;12;45919049
2019;Codigo IBGE;3531902;4;45919049
2019;Codigo IBGE;3532009;1;45919049
2019;Codigo IBGE;3532058;1;45919049
2019;Codigo IBGE;3532108;1;45919049
2019;Codigo IBGE;3532207;1;45919049
2019;Codigo IBGE;3532306;1;45919049
2019;Codigo IBGE;3532405;7;45919049
2019;Codigo IBGE;3532504;2;45919049
2019;Codigo IBGE;3532603;3;45919049
2019;Codigo IBGE;3532702;1;45919049
2019;Codigo IBGE;3532827;1;45919049
2019;Codigo IBGE;3532843;1;45919049
2019;Codigo IBGE;3532900;2;45919049
2019;Codigo IBGE;3533007;8;45919049
2019;Codigo IBGE;3533106;1;45919049
2019;Codigo IBGE;3533205;1;45919049
2019;Codigo IBGE;3533254;1;45919049
2019;Codigo IBGE;3533403;1;45919049
2019;Codigo IBGE;3533502;12;45919049
2019;Codigo IBGE;3533700;3;45919049
2019;Codigo IBGE;3533809;1;45919049
2019;Codigo IBGE;3533908;14;45919049
2019;Codigo IBGE;3534005;2;45919049
2019;Codigo IBGE;3534104;1;45919049
2019;Codigo IBGE;3534203;3;45919049
2019;Codigo IBGE;3534302;4;45919049
2019;Codigo IBGE;3534401;42;45919049
2019;Codigo IBGE;3534609;6;45919049
2019;Codigo IBGE;3534708;14;45919049
2019;Codigo IBGE;3534757;5;45919049
2019;Codigo IBGE;3534807;1;45919049
2019;Codigo IBGE;3534906;3;45919049
2019;Codigo IBGE;3535002;3;45919049
2019;Codigo IBGE;3535101;1;45919049
2019;Codigo IBGE;3535200;3;45919049
2019;Codigo IBGE;3535309;5;45919049
2019;Codigo IBGE;3535408;2;45919049
2019;Codigo IBGE;3535507;9;45919049
2019;Codigo IBGE;3535606;1;45919049
2019;Codigo IBGE;3535705;1;45919049
2019;Codigo IBGE;3535804;2;45919049
2019;Codigo IBGE;3535903;1;45919049
2019;Codigo IBGE;3536000;9;45919049
2019;Codigo IBGE;3536109;5;45919049
2019;Codigo IBGE;3536208;9;45919049
2019;Codigo IBGE;3536257;1;45919049
2019;Codigo IBGE;3536307;1;45919049
2019;Codigo IBGE;3536406;1;45919049
2019;Codigo IBGE;3536505;13;45919049
2019;Codigo IBGE;3536570;1;45919049
2019;Codigo IBGE;3536604;2;45919049
2019;Codigo IBGE;3536703;13;45919049
2019;Codigo IBGE;3536802;1;45919049
2019;Codigo IBGE;3537008;2;45919049
2019;Codigo IBGE;3537107;2;45919049
2019;Codigo IBGE;3537156;1;45919049
2019;Codigo IBGE;3537305;8;45919049
2019;Codigo IBGE;3537404;9;45919049
2019;Codigo IBGE;3537503;1;45919049
2019;Codigo IBGE;3537602;13;45919049
2019;Codigo IBGE;3537701;1;45919049
2019;Codigo IBGE;3537800;14;45919049
2019;Codigo IBGE;3537909;8;45919049
2019;Codigo IBGE;3538006;48;45919049
2019;Codigo IBGE;3538105;1;45919049
2019;Codigo IBGE;3538204;2;45919049
2019;Codigo IBGE;3538303;1;45919049
2019;Codigo IBGE;3538501;1;45919049
2019;Codigo IBGE;3538600;5;45919049
2019;Codigo IBGE;3538709;59;45919049
2019;Codigo IBGE;3538808;3;45919049
2019;Codigo IBGE;3538907;1;45919049
2019;Codigo IBGE;3539004;1;45919049
2019;Codigo IBGE;3539103;2;45919049
2019;Codigo IBGE;3539202;8;45919049
2019;Codigo IBGE;3539301;10;45919049
2019;Codigo IBGE;3539400;3;45919049
2019;Codigo IBGE;3539509;5;45919049
2019;Codigo IBGE;3539806;3;45919049
2019;Codigo IBGE;3539905;2;45919049
2019;Codigo IBGE;3540002;6;45919049
2019;Codigo IBGE;3540101;3;45919049
2019;Codigo IBGE;3540200;4;45919049
2019;Codigo IBGE;3540259;2;45919049
2019;Codigo IBGE;3540408;4;45919049
2019;Codigo IBGE;3540507;7;45919049
2019;Codigo IBGE;3540606;7;45919049
2019;Codigo IBGE;3540705;7;45919049
2019;Codigo IBGE;3540754;1;45919049
2019;Codigo IBGE;3540804;3;45919049
2019;Codigo IBGE;3540903;6;45919049
2019;Codigo IBGE;3541000;32;45919049
2019;Codigo IBGE;3541059;1;45919049
2019;Codigo IBGE;3541208;2;45919049
2019;Codigo IBGE;3541307;5;45919049
2019;Codigo IBGE;3541406;26;45919049
2019;Codigo IBGE;3541505;3;45919049
2019;Codigo IBGE;3541604;9;45919049
2019;Codigo IBGE;3541653;3;45919049
2019;Codigo IBGE;3541901;1;45919049
2019;Codigo IBGE;3542206;6;45919049
2019;Codigo IBGE;3542404;4;45919049
2019;Codigo IBGE;3542503;2;45919049
2019;Codigo IBGE;3542602;12;45919049
2019;Codigo IBGE;3542701;1;45919049
2019;Codigo IBGE;3542800;1;45919049
2019;Codigo IBGE;3542909;1;45919049
2019;Codigo IBGE;3543006;1;45919049
2019;Codigo IBGE;3543204;1;45919049
2019;Codigo IBGE;3543253;2;45919049
2019;Codigo IBGE;3543303;21;45919049
2019;Codigo IBGE;3543402;70;45919049
2019;Codigo IBGE;3543501;3;45919049
2019;Codigo IBGE;3543600;1;45919049
2019;Codigo IBGE;3543709;2;45919049
2019;Codigo IBGE;3543808;1;45919049
2019;Codigo IBGE;3543907;21;45919049
2019;Codigo IBGE;3544004;3;45919049
2019;Codigo IBGE;3544103;1;45919049
2019;Codigo IBGE;3544251;1;45919049
2019;Codigo IBGE;3544301;1;45919049
2019;Codigo IBGE;3544509;1;45919049
2019;Codigo IBGE;3544905;2;45919049
2019;Codigo IBGE;3545001;5;45919049
2019;Codigo IBGE;3545209;14;45919049
2019;Codigo IBGE;3545308;11;45919049
2019;Codigo IBGE;3545407;3;45919049
2019;Codigo IBGE;3545605;6;45919049
2019;Codigo IBGE;3545704;2;45919049
2019;Codigo IBGE;3545803;25;45919049
2019;Codigo IBGE;3546009;2;45919049
2019;Codigo IBGE;3546207;3;45919049
2019;Codigo IBGE;3546256;1;45919049
2019;Codigo IBGE;3546306;3;45919049
2019;Codigo IBGE;3546405;9;45919049
2019;Codigo IBGE;3546504;1;45919049
2019;Codigo IBGE;3546603;4;45919049
2019;Codigo IBGE;3546702;6;45919049
2019;Codigo IBGE;3546801;11;45919049
2019;Codigo IBGE;3547106;1;45919049
2019;Codigo IBGE;3547304;11;45919049
2019;Codigo IBGE;3547403;2;45919049
2019;Codigo IBGE;3547502;8;45919049
2019;Codigo IBGE;3547601;1;45919049
2019;Codigo IBGE;3547700;3;45919049
2019;Codigo IBGE;3547809;46;45919049
2019;Codigo IBGE;3548005;2;45919049
2019;Codigo IBGE;3548054;1;45919049
2019;Codigo IBGE;3548203;1;45919049
2019;Codigo IBGE;3548401;2;45919049
2019;Codigo IBGE;3548500;36;45919049
2019;Codigo IBGE;3548708;75;45919049
2019;Codigo IBGE;3548807;10;45919049
2019;Codigo IBGE;3548906;36;45919049
2019;Codigo IBGE;3549102;15;45919049
2019;Codigo IBGE;3549201;2;45919049
2019;Codigo IBGE;3549409;10;45919049
2019;Codigo IBGE;3549508;1;45919049
2019;Codigo IBGE;3549706;6;45919049
2019;Codigo IBGE;3549805;65;45919049
2019;Codigo IBGE;3549904;73;45919049
2019;Codigo IBGE;3549953;6;45919049
2019;Codigo IBGE;3550001;2;45919049
2019;Codigo IBGE;3550100;11;45919049
2019;Codigo IBGE;3550209;4;45919049
2019;Codigo IBGE;3550308;795;45919049
2019;Codigo IBGE;3550407;1;45919049
2019;Codigo IBGE;3550605;13;45919049
2019;Codigo IBGE;3550704;15;45919049
2019;Codigo IBGE;3550803;3;45919049
2019;Codigo IBGE;3550902;7;45919049
2019;Codigo IBGE;3551009;49;45919049
2019;Codigo IBGE;3551108;2;45919049
2019;Codigo IBGE;3551306;1;45919049
2019;Codigo IBGE;3551405;3;45919049
2019;Codigo IBGE;3551504;5;45919049
2019;Codigo IBGE;3551603;2;45919049
2019;Codigo IBGE;3551702;17;45919049
2019;Codigo IBGE;3551801;5;45919049
2019;Codigo IBGE;3551900;1;45919049
2019;Codigo IBGE;3552106;12;45919049
2019;Codigo IBGE;3552205;90;45919049
2019;Codigo IBGE;3552304;2;45919049
2019;Codigo IBGE;3552403;35;45919049
2019;Codigo IBGE;3552502;26;45919049
2019;Codigo IBGE;3552551;1;45919049
2019;Codigo IBGE;3552601;2;45919049
2019;Codigo IBGE;3552700;4;45919049
2019;Codigo IBGE;3552809;16;45919049
2019;Codigo IBGE;3552908;7;45919049
2019;Codigo IBGE;3553005;1;45919049
2019;Codigo IBGE;3553302;2;45919049
2019;Codigo IBGE;3553401;4;45919049
2019;Codigo IBGE;3553500;3;45919049
2019;Codigo IBGE;3553609;3;45919049
2019;Codigo IBGE;3553658;2;45919049
2019;Codigo IBGE;3553708;13;45919049
2019;Codigo IBGE;3553807;4;45919049
2019;Codigo IBGE;3553856;2;45919049
2019;Codigo IBGE;3553906;2;45919049
2019;Codigo IBGE;3553955;8;45919049
2019;Codigo IBGE;3554003;21;45919049
2019;Codigo IBGE;3554102;41;45919049
2019;Codigo IBGE;3554201;2;45919049
2019;Codigo IBGE;3554300;2;45919049
2019;Codigo IBGE;3554409;1;45919049
2019;Codigo IBGE;3554508;8;45919049
2019;Codigo IBGE;3554805;7;45919049
2019;Codigo IBGE;3554904;1;45919049
2019;Codigo IBGE;3554953;2;45919049
2019;Codigo IBGE;3555000;7;45919049
2019;Codigo IBGE;3555109;1;45919049
2019;Codigo IBGE;3555356;3;45919049
2019;Codigo IBGE;3555406;15;45919049
2019;Codigo IBGE;3555604;3;45919049
2019;Codigo IBGE;3555802;2;45919049
2019;Codigo IBGE;3556008;3;45919049
2019;Codigo IBGE;3556107;10;45919049
2019;Codigo IBGE;3556206;13;45919049
2019;Codigo IBGE;3556354;2;45919049
2019;Codigo IBGE;3556404;14;45919049
2019;Codigo IBGE;3556453;2;45919049
2019;Codigo IBGE;3556503;9;45919049
2019;Codigo IBGE;3556602;1;45919049
2019;Codigo IBGE;3556701;6;45919049
2019;Codigo IBGE;3556800;5;45919049
2019;Codigo IBGE;3556909;2;45919049
2019;Codigo IBGE;3556958;1;45919049
2019;Codigo IBGE;3557006;15;45919049
2019;Codigo IBGE;3557105;12;45919049
2019;Codigo IBGE;3557154;2;45919049
2019;Codigo IBGE;3557204;2;45919049
2020;Codigo IBGE;3500105;3;46289333
2020;Codigo IBGE;3500303;6;46289333
2020;Codigo IBGE;3500402;4;46289333
2020;Codigo IBGE;3500501;4;46289333
2020;Codigo IBGE;3500709;4;46289333
2020;Codigo IBGE;3500758;3;46289333
2020;Codigo IBGE;3500907;2;46289333
2020;Codigo IBGE;3501004;7;46289333
2020;Codigo IBGE;3501103;1;46289333
2020;Codigo IBGE;3501152;2;46289333
2020;Codigo IBGE;3501202;2;46289333
2020;Codigo IBGE;3501301;3;46289333
2020;Codigo IBGE;3501608;21;46289333
2020;Codigo IBGE;3501707;5;46289333
2020;Codigo IBGE;3501905;17;46289333
2020;Codigo IBGE;3502101;7;46289333
2020;Codigo IBGE;3502200;5;46289333
2020;Codigo IBGE;3502309;1;46289333
2020;Codigo IBGE;3502507;7;46289333
2020;Codigo IBGE;3502705;1;46289333
2020;Codigo IBGE;3502754;9;46289333
2020;Codigo IBGE;3502804;25;46289333
2020;Codigo IBGE;3502903;6;46289333
2020;Codigo IBGE;3503000;1;46289333
2020;Codigo IBGE;3503208;28;46289333
2020;Codigo IBGE;3503307;13;46289333
2020;Codigo IBGE;3503406;1;46289333
2020;Codigo IBGE;3503505;1;46289333
2020;Codigo IBGE;3503604;1;46289333
2020;Codigo IBGE;3503703;2;46289333
2020;Codigo IBGE;3503802;15;46289333
2020;Codigo IBGE;3503901;10;46289333
2020;Codigo IBGE;3504008;11;46289333
2020;Codigo IBGE;3504107;30;46289333
2020;Codigo IBGE;3504206;1;46289333
2020;Codigo IBGE;3504305;3;46289333
2020;Codigo IBGE;3504404;2;46289333
2020;Codigo IBGE;3504503;15;46289333
2020;Codigo IBGE;3504602;6;46289333
2020;Codigo IBGE;3504800;1;46289333
2020;Codigo IBGE;3505104;2;46289333
2020;Codigo IBGE;3505203;4;46289333
2020;Codigo IBGE;3505302;4;46289333
2020;Codigo IBGE;3505401;17;46289333
2020;Codigo IBGE;3505500;26;46289333
2020;Codigo IBGE;3505708;33;46289333
2020;Codigo IBGE;3505807;3;46289333
2020;Codigo IBGE;3505906;19;46289333
2020;Codigo IBGE;3506003;41;46289333
2020;Codigo IBGE;3506102;24;46289333
2020;Codigo IBGE;3506201;1;46289333
2020;Codigo IBGE;3506300;2;46289333
2020;Codigo IBGE;3506359;22;46289333
2020;Codigo IBGE;3506409;4;46289333
2020;Codigo IBGE;3506508;9;46289333
2020;Codigo IBGE;3506607;4;46289333
2020;Codigo IBGE;3506706;1;46289333
2020;Codigo IBGE;3506805;1;46289333
2020;Codigo IBGE;3506904;6;46289333
2020;Codigo IBGE;3507001;8;46289333
2020;Codigo IBGE;3507100;5;46289333
2020;Codigo IBGE;3507159;1;46289333
2020;Codigo IBGE;3507407;5;46289333
2020;Codigo IBGE;3507456;1;46289333
2020;Codigo IBGE;3507506;22;46289333
2020;Codigo IBGE;3507605;22;46289333
2020;Codigo IBGE;3507704;3;46289333
2020;Codigo IBGE;3507753;3;46289333
2020;Codigo IBGE;3507803;2;46289333
2020;Codigo IBGE;3507902;3;46289333
2020;Codigo IBGE;3508009;1;46289333
2020;Codigo IBGE;3508108;4;46289333
2020;Codigo IBGE;3508405;8;46289333
2020;Codigo IBGE;3508504;12;46289333
2020;Codigo IBGE;3508603;5;46289333
2020;Codigo IBGE;3508702;1;46289333
2020;Codigo IBGE;3508801;3;46289333
2020;Codigo IBGE;3509007;21;46289333
2020;Codigo IBGE;3509106;2;46289333
2020;Codigo IBGE;3509205;18;46289333
2020;Codigo IBGE;3509254;12;46289333
2020;Codigo IBGE;3509403;3;46289333
2020;Codigo IBGE;3509502;128;46289333
2020;Codigo IBGE;3509601;2;46289333
2020;Codigo IBGE;3509700;8;46289333
2020;Codigo IBGE;3509809;1;46289333
2020;Codigo IBGE;3509908;1;46289333
2020;Codigo IBGE;3509957;2;46289333
2020;Codigo IBGE;3510005;9;46289333
2020;Codigo IBGE;3510153;1;46289333
2020;Codigo IBGE;3510203;15;46289333
2020;Codigo IBGE;3510302;3;46289333
2020;Codigo IBGE;3510401;10;46289333
2020;Codigo IBGE;3510500;14;46289333
2020;Codigo IBGE;3510609;16;46289333
2020;Codigo IBGE;3510708;1;46289333
2020;Codigo IBGE;3510807;6;46289333
2020;Codigo IBGE;3511003;7;46289333
2020;Codigo IBGE;3511102;21;46289333
2020;Codigo IBGE;3511201;1;46289333
2020;Codigo IBGE;3511300;2;46289333
2020;Codigo IBGE;3511409;2;46289333
2020;Codigo IBGE;3511508;2;46289333
2020;Codigo IBGE;3511607;9;46289333
2020;Codigo IBGE;3511706;1;46289333
2020;Codigo IBGE;3511904;1;46289333
2020;Codigo IBGE;3512001;2;46289333
2020;Codigo IBGE;3512209;2;46289333
2020;Codigo IBGE;3512308;3;46289333
2020;Codigo IBGE;3512407;4;46289333
2020;Codigo IBGE;3512506;2;46289333
2020;Codigo IBGE;3512605;2;46289333
2020;Codigo IBGE;3512704;5;46289333
2020;Codigo IBGE;3512803;5;46289333
2020;Codigo IBGE;3512902;1;46289333
2020;Codigo IBGE;3513009;24;46289333
2020;Codigo IBGE;3513108;6;46289333
2020;Codigo IBGE;3513207;3;46289333
2020;Codigo IBGE;3513405;5;46289333
2020;Codigo IBGE;3513504;25;46289333
2020;Codigo IBGE;3513603;2;46289333
2020;Codigo IBGE;3513702;5;46289333
2020;Codigo IBGE;3513801;45;46289333
2020;Codigo IBGE;3513900;3;46289333
2020;Codigo IBGE;3514007;3;46289333
2020;Codigo IBGE;3514106;1;46289333
2020;Codigo IBGE;3514304;4;46289333
2020;Codigo IBGE;3514403;5;46289333
2020;Codigo IBGE;3514502;6;46289333
2020;Codigo IBGE;3514601;1;46289333
2020;Codigo IBGE;3514908;3;46289333
2020;Codigo IBGE;3514924;1;46289333
2020;Codigo IBGE;3515004;24;46289333
2020;Codigo IBGE;3515103;7;46289333
2020;Codigo IBGE;3515152;2;46289333
2020;Codigo IBGE;3515186;5;46289333
2020;Codigo IBGE;3515194;1;46289333
2020;Codigo IBGE;3515202;2;46289333
2020;Codigo IBGE;3515301;1;46289333
2020;Codigo IBGE;3515400;4;46289333
2020;Codigo IBGE;3515509;11;46289333
2020;Codigo IBGE;3515608;4;46289333
2020;Codigo IBGE;3515707;7;46289333
2020;Codigo IBGE;3515905;1;46289333
2020;Codigo IBGE;3516200;47;46289333
2020;Codigo IBGE;3516309;11;46289333
2020;Codigo IBGE;3516408;21;46289333
2020;Codigo IBGE;3516705;5;46289333
2020;Codigo IBGE;3516853;1;46289333
2020;Codigo IBGE;3516903;3;46289333
2020;Codigo IBGE;3517000;1;46289333
2020;Codigo IBGE;3517109;2;46289333
2020;Codigo IBGE;3517208;3;46289333
2020;Codigo IBGE;3517307;2;46289333
2020;Codigo IBGE;3517406;4;46289333
2020;Codigo IBGE;3517505;1;46289333
2020;Codigo IBGE;3517604;4;46289333
2020;Codigo IBGE;3517703;2;46289333
2020;Codigo IBGE;3517802;2;46289333
2020;Codigo IBGE;3517901;1;46289333
2020;Codigo IBGE;3518107;1;46289333
2020;Codigo IBGE;3518206;1;46289333
2020;Codigo IBGE;3518305;9;46289333
2020;Codigo IBGE;3518404;11;46289333
2020;Codigo IBGE;3518503;1;46289333
2020;Codigo IBGE;3518602;3;46289333
2020;Codigo IBGE;3518701;22;46289333
2020;Codigo IBGE;3518800;115;46289333
2020;Codigo IBGE;3518859;1;46289333
2020;Codigo IBGE;3518909;2;46289333
2020;Codigo IBGE;3519006;1;46289333
2020;Codigo IBGE;3519055;1;46289333
2020;Codigo IBGE;3519071;23;46289333
2020;Codigo IBGE;3519105;4;46289333
2020;Codigo IBGE;3519303;4;46289333
2020;Codigo IBGE;3519402;4;46289333
2020;Codigo IBGE;3519501;3;46289333
2020;Codigo IBGE;3519600;4;46289333
2020;Codigo IBGE;3519709;14;46289333
2020;Codigo IBGE;3519808;5;46289333
2020;Codigo IBGE;3519907;1;46289333
2020;Codigo IBGE;3520004;3;46289333
2020;Codigo IBGE;3520103;3;46289333
2020;Codigo IBGE;3520202;5;46289333
2020;Codigo IBGE;3520301;2;46289333
2020;Codigo IBGE;3520400;2;46289333
2020;Codigo IBGE;3520426;2;46289333
2020;Codigo IBGE;3520442;1;46289333
2020;Codigo IBGE;3520509;26;46289333
2020;Codigo IBGE;3520608;1;46289333
2020;Codigo IBGE;3520905;5;46289333
2020;Codigo IBGE;3521002;2;46289333
2020;Codigo IBGE;3521101;2;46289333
2020;Codigo IBGE;3521150;1;46289333
2020;Codigo IBGE;3521309;4;46289333
2020;Codigo IBGE;3521408;1;46289333
2020;Codigo IBGE;3521507;1;46289333
2020;Codigo IBGE;3521705;3;46289333
2020;Codigo IBGE;3521804;9;46289333
2020;Codigo IBGE;3521903;2;46289333
2020;Codigo IBGE;3522109;23;46289333
2020;Codigo IBGE;3522208;22;46289333
2020;Codigo IBGE;3522307;29;46289333
2020;Codigo IBGE;3522406;17;46289333
2020;Codigo IBGE;3522505;17;46289333
2020;Codigo IBGE;3522604;14;46289333
2020;Codigo IBGE;3522703;5;46289333
2020;Codigo IBGE;3522802;3;46289333
2020;Codigo IBGE;3522901;2;46289333
2020;Codigo IBGE;3523107;30;46289333
2020;Codigo IBGE;3523206;3;46289333
2020;Codigo IBGE;3523305;3;46289333
2020;Codigo IBGE;3523404;11;46289333
2020;Codigo IBGE;3523503;9;46289333
2020;Codigo IBGE;3523602;4;46289333
2020;Codigo IBGE;3523701;2;46289333
2020;Codigo IBGE;3523909;33;46289333
2020;Codigo IBGE;3524006;10;46289333
2020;Codigo IBGE;3524105;3;46289333
2020;Codigo IBGE;3524204;2;46289333
2020;Codigo IBGE;3524303;15;46289333
2020;Codigo IBGE;3524402;28;46289333
2020;Codigo IBGE;3524501;1;46289333
2020;Codigo IBGE;3524600;7;46289333
2020;Codigo IBGE;3524709;6;46289333
2020;Codigo IBGE;3524808;7;46289333
2020;Codigo IBGE;3525003;5;46289333
2020;Codigo IBGE;3525102;6;46289333
2020;Codigo IBGE;3525201;7;46289333
2020;Codigo IBGE;3525300;20;46289333
2020;Codigo IBGE;3525508;1;46289333
2020;Codigo IBGE;3525706;8;46289333
2020;Codigo IBGE;3525854;2;46289333
2020;Codigo IBGE;3525904;58;46289333
2020;Codigo IBGE;3526001;2;46289333
2020;Codigo IBGE;3526100;9;46289333
2020;Codigo IBGE;3526209;11;46289333
2020;Codigo IBGE;3526308;3;46289333
2020;Codigo IBGE;3526407;6;46289333
2020;Codigo IBGE;3526605;1;46289333
2020;Codigo IBGE;3526704;16;46289333
2020;Codigo IBGE;3526803;4;46289333
2020;Codigo IBGE;3526902;44;46289333
2020;Codigo IBGE;3527009;8;46289333
2020;Codigo IBGE;3527108;8;46289333
2020;Codigo IBGE;3527207;12;46289333
2020;Codigo IBGE;3527306;8;46289333
2020;Codigo IBGE;3527405;4;46289333
2020;Codigo IBGE;3527504;1;46289333
2020;Codigo IBGE;3527603;4;46289333
2020;Codigo IBGE;3527801;1;46289333
2020;Codigo IBGE;3528007;3;46289333
2020;Codigo IBGE;3528106;1;46289333
2020;Codigo IBGE;3528403;7;46289333
2020;Codigo IBGE;3528502;26;46289333
2020;Codigo IBGE;3528601;3;46289333
2020;Codigo IBGE;3528809;3;46289333
2020;Codigo IBGE;3528858;1;46289333
2020;Codigo IBGE;3528908;1;46289333
2020;Codigo IBGE;3529005;18;46289333
2020;Codigo IBGE;3529203;6;46289333
2020;Codigo IBGE;3529302;7;46289333
2020;Codigo IBGE;3529401;19;46289333
2020;Codigo IBGE;3529500;3;46289333
2020;Codigo IBGE;3529609;1;46289333
2020;Codigo IBGE;3529708;4;46289333
2020;Codigo IBGE;3529807;5;46289333
2020;Codigo IBGE;3529906;19;46289333
2020;Codigo IBGE;3530102;5;46289333
2020;Codigo IBGE;3530201;2;46289333
2020;Codigo IBGE;3530300;9;46289333
2020;Codigo IBGE;3530409;1;46289333
2020;Codigo IBGE;3530508;5;46289333
2020;Codigo IBGE;3530607;60;46289333
2020;Codigo IBGE;3530706;18;46289333
2020;Codigo IBGE;3530805;22;46289333
2020;Codigo IBGE;3530904;2;46289333
2020;Codigo IBGE;3531100;8;46289333
2020;Codigo IBGE;3531209;2;46289333
2020;Codigo IBGE;3531308;4;46289333
2020;Codigo IBGE;3531407;3;46289333
2020;Codigo IBGE;3531506;2;46289333
2020;Codigo IBGE;3531605;2;46289333
2020;Codigo IBGE;3531704;2;46289333
2020;Codigo IBGE;3531803;10;46289333
2020;Codigo IBGE;3531902;3;46289333
2020;Codigo IBGE;3532009;1;46289333
2020;Codigo IBGE;3532058;2;46289333
2020;Codigo IBGE;3532405;5;46289333
2020;Codigo IBGE;3532603;2;46289333
2020;Codigo IBGE;3532702;2;46289333
2020;Codigo IBGE;3532801;1;46289333
2020;Codigo IBGE;3532827;1;46289333
2020;Codigo IBGE;3532843;2;46289333
2020;Codigo IBGE;3532900;2;46289333
2020;Codigo IBGE;3533007;12;46289333
2020;Codigo IBGE;3533106;1;46289333
2020;Codigo IBGE;3533254;2;46289333
2020;Codigo IBGE;3533403;4;46289333
2020;Codigo IBGE;3533502;12;46289333
2020;Codigo IBGE;3533700;4;46289333
2020;Codigo IBGE;3533809;1;46289333
2020;Codigo IBGE;3533908;11;46289333
2020;Codigo IBGE;3534005;4;46289333
2020;Codigo IBGE;3534104;3;46289333
2020;Codigo IBGE;3534203;3;46289333
2020;Codigo IBGE;3534302;2;46289333
2020;Codigo IBGE;3534401;38;46289333
2020;Codigo IBGE;3534500;1;46289333
2020;Codigo IBGE;3534609;3;46289333
2020;Codigo IBGE;3534708;16;46289333
2020;Codigo IBGE;3534906;1;46289333
2020;Codigo IBGE;3535002;1;46289333
2020;Codigo IBGE;3535101;2;46289333
2020;Codigo IBGE;3535200;2;46289333
2020;Codigo IBGE;3535309;3;46289333
2020;Codigo IBGE;3535408;1;46289333
2020;Codigo IBGE;3535507;8;46289333
2020;Codigo IBGE;3535606;3;46289333
2020;Codigo IBGE;3535705;2;46289333
2020;Codigo IBGE;3535804;7;46289333
2020;Codigo IBGE;3535903;2;46289333
2020;Codigo IBGE;3536000;12;46289333
2020;Codigo IBGE;3536109;2;46289333
2020;Codigo IBGE;3536208;3;46289333
2020;Codigo IBGE;3536257;1;46289333
2020;Codigo IBGE;3536307;3;46289333
2020;Codigo IBGE;3536505;13;46289333
2020;Codigo IBGE;3536703;13;46289333
2020;Codigo IBGE;3536901;2;46289333
2020;Codigo IBGE;3537008;5;46289333
2020;Codigo IBGE;3537107;3;46289333
2020;Codigo IBGE;3537156;1;46289333
2020;Codigo IBGE;3537206;1;46289333
2020;Codigo IBGE;3537305;9;46289333
2020;Codigo IBGE;3537404;4;46289333
2020;Codigo IBGE;3537602;17;46289333
2020;Codigo IBGE;3537701;3;46289333
2020;Codigo IBGE;3537800;15;46289333
2020;Codigo IBGE;3537909;9;46289333
2020;Codigo IBGE;3538006;30;46289333
2020;Codigo IBGE;3538105;4;46289333
2020;Codigo IBGE;3538204;6;46289333
2020;Codigo IBGE;3538501;4;46289333
2020;Codigo IBGE;3538600;4;46289333
2020;Codigo IBGE;3538709;43;46289333
2020;Codigo IBGE;3538808;7;46289333
2020;Codigo IBGE;3538907;1;46289333
2020;Codigo IBGE;3539004;6;46289333
2020;Codigo IBGE;3539103;2;46289333
2020;Codigo IBGE;3539202;2;46289333
2020;Codigo IBGE;3539301;10;46289333
2020;Codigo IBGE;3539400;3;46289333
2020;Codigo IBGE;3539509;3;46289333
2020;Codigo IBGE;3539608;1;46289333
2020;Codigo IBGE;3539806;2;46289333
2020;Codigo IBGE;3539905;2;46289333
2020;Codigo IBGE;3540002;3;46289333
2020;Codigo IBGE;3540101;2;46289333
2020;Codigo IBGE;3540200;3;46289333
2020;Codigo IBGE;3540309;2;46289333
2020;Codigo IBGE;3540408;2;46289333
2020;Codigo IBGE;3540507;2;46289333
2020;Codigo IBGE;3540606;12;46289333
2020;Codigo IBGE;3540705;6;46289333
2020;Codigo IBGE;3540754;1;46289333
2020;Codigo IBGE;3540804;3;46289333
2020;Codigo IBGE;3540903;6;46289333
2020;Codigo IBGE;3541000;36;46289333
2020;Codigo IBGE;3541059;1;46289333
2020;Codigo IBGE;3541307;7;46289333
2020;Codigo IBGE;3541406;14;46289333
2020;Codigo IBGE;3541604;3;46289333
2020;Codigo IBGE;3541653;3;46289333
2020;Codigo IBGE;3541901;5;46289333
2020;Codigo IBGE;3542008;2;46289333
2020;Codigo IBGE;3542107;1;46289333
2020;Codigo IBGE;3542206;6;46289333
2020;Codigo IBGE;3542404;7;46289333
2020;Codigo IBGE;3542503;2;46289333
2020;Codigo IBGE;3542602;12;46289333
2020;Codigo IBGE;3542701;2;46289333
2020;Codigo IBGE;3542800;3;46289333
2020;Codigo IBGE;3542909;2;46289333
2020;Codigo IBGE;3543006;4;46289333
2020;Codigo IBGE;3543253;1;46289333
2020;Codigo IBGE;3543303;20;46289333
2020;Codigo IBGE;3543402;72;46289333
2020;Codigo IBGE;3543600;2;46289333
2020;Codigo IBGE;3543709;2;46289333
2020;Codigo IBGE;3543808;1;46289333
2020;Codigo IBGE;3543907;20;46289333
2020;Codigo IBGE;3544004;3;46289333
2020;Codigo IBGE;3544103;2;46289333
2020;Codigo IBGE;3544202;1;46289333
2020;Codigo IBGE;3544251;5;46289333
2020;Codigo IBGE;3544301;3;46289333
2020;Codigo IBGE;3544608;1;46289333
2020;Codigo IBGE;3544707;2;46289333
2020;Codigo IBGE;3544806;4;46289333
2020;Codigo IBGE;3544905;3;46289333
2020;Codigo IBGE;3545001;3;46289333
2020;Codigo IBGE;3545159;2;46289333
2020;Codigo IBGE;3545209;15;46289333
2020;Codigo IBGE;3545308;6;46289333
2020;Codigo IBGE;3545407;2;46289333
2020;Codigo IBGE;3545506;1;46289333
2020;Codigo IBGE;3545605;2;46289333
2020;Codigo IBGE;3545704;1;46289333
2020;Codigo IBGE;3545803;29;46289333
2020;Codigo IBGE;3546009;1;46289333
2020;Codigo IBGE;3546207;1;46289333
2020;Codigo IBGE;3546306;1;46289333
2020;Codigo IBGE;3546405;3;46289333
2020;Codigo IBGE;3546603;7;46289333
2020;Codigo IBGE;3546702;6;46289333
2020;Codigo IBGE;3546801;4;46289333
2020;Codigo IBGE;3546900;1;46289333
2020;Codigo IBGE;3547007;2;46289333
2020;Codigo IBGE;3547304;10;46289333
2020;Codigo IBGE;3547403;1;46289333
2020;Codigo IBGE;3547502;6;46289333
2020;Codigo IBGE;3547601;1;46289333
2020;Codigo IBGE;3547700;1;46289333
2020;Codigo IBGE;3547809;33;46289333
2020;Codigo IBGE;3547908;2;46289333
2020;Codigo IBGE;3548005;8;46289333
2020;Codigo IBGE;3548054;2;46289333
2020;Codigo IBGE;3548104;1;46289333
2020;Codigo IBGE;3548500;43;46289333
2020;Codigo IBGE;3548609;3;46289333
2020;Codigo IBGE;3548708;53;46289333
2020;Codigo IBGE;3548807;2;46289333
2020;Codigo IBGE;3548906;26;46289333
2020;Codigo IBGE;3549102;11;46289333
2020;Codigo IBGE;3549250;2;46289333
2020;Codigo IBGE;3549409;5;46289333
2020;Codigo IBGE;3549508;2;46289333
2020;Codigo IBGE;3549706;7;46289333
2020;Codigo IBGE;3549805;45;46289333
2020;Codigo IBGE;3549904;80;46289333
2020;Codigo IBGE;3549953;2;46289333
2020;Codigo IBGE;3550001;5;46289333
2020;Codigo IBGE;3550100;6;46289333
2020;Codigo IBGE;3550209;7;46289333
2020;Codigo IBGE;3550308;706;46289333
2020;Codigo IBGE;3550407;3;46289333
2020;Codigo IBGE;3550506;2;46289333
2020;Codigo IBGE;3550605;14;46289333
2020;Codigo IBGE;3550704;11;46289333
2020;Codigo IBGE;3550803;1;46289333
2020;Codigo IBGE;3550902;9;46289333
2020;Codigo IBGE;3551009;35;46289333
2020;Codigo IBGE;3551207;2;46289333
2020;Codigo IBGE;3551306;1;46289333
2020;Codigo IBGE;3551405;2;46289333
2020;Codigo IBGE;3551504;3;46289333
2020;Codigo IBGE;3551603;4;46289333
2020;Codigo IBGE;3551702;19;46289333
2020;Codigo IBGE;3551801;3;46289333
2020;Codigo IBGE;3551900;2;46289333
2020;Codigo IBGE;3552106;10;46289333
2020;Codigo IBGE;3552205;86;46289333
2020;Codigo IBGE;3552304;2;46289333
2020;Codigo IBGE;3552403;27;46289333
2020;Codigo IBGE;3552502;27;46289333
2020;Codigo IBGE;3552601;1;46289333
2020;Codigo IBGE;3552700;4;46289333
2020;Codigo IBGE;3552809;15;46289333
2020;Codigo IBGE;3552908;1;46289333
2020;Codigo IBGE;3553005;43;46289333
2020;Codigo IBGE;3553104;1;46289333
2020;Codigo IBGE;3553203;2;46289333
2020;Codigo IBGE;3553302;2;46289333
2020;Codigo IBGE;3553401;7;46289333
2020;Codigo IBGE;3553500;2;46289333
2020;Codigo IBGE;3553609;3;46289333
2020;Codigo IBGE;3553658;1;46289333
2020;Codigo IBGE;3553708;9;46289333
2020;Codigo IBGE;3553807;6;46289333
2020;Codigo IBGE;3553856;3;46289333
2020;Codigo IBGE;3553955;5;46289333
2020;Codigo IBGE;3554003;18;46289333
2020;Codigo IBGE;3554102;45;46289333
2020;Codigo IBGE;3554409;1;46289333
2020;Codigo IBGE;3554508;8;46289333
2020;Codigo IBGE;3554706;1;46289333
2020;Codigo IBGE;3554805;1;46289333
2020;Codigo IBGE;3554904;2;46289333
2020;Codigo IBGE;3554953;1;46289333
2020;Codigo IBGE;3555000;6;46289333
2020;Codigo IBGE;3555208;1;46289333
2020;Codigo IBGE;3555356;1;46289333
2020;Codigo IBGE;3555406;14;46289333
2020;Codigo IBGE;3555802;4;46289333
2020;Codigo IBGE;3556008;2;46289333
2020;Codigo IBGE;3556107;4;46289333
2020;Codigo IBGE;3556206;13;46289333
2020;Codigo IBGE;3556305;4;46289333
2020;Codigo IBGE;3556354;5;46289333
2020;Codigo IBGE;3556404;4;46289333
2020;Codigo IBGE;3556453;4;46289333
2020;Codigo IBGE;3556503;4;46289333
2020;Codigo IBGE;3556602;2;46289333
2020;Codigo IBGE;3556701;7;46289333
2020;Codigo IBGE;3556800;1;46289333
2020;Codigo IBGE;3556909;3;46289333
2020;Codigo IBGE;3557006;9;46289333
2020;Codigo IBGE;3557105;11;46289333
2020;Codigo IBGE;3557204;2;46289333
2020;Codigo IBGE;3557303;1;46289333
2021;Codigo IBGE;3500105;3;46649132
2021;Codigo IBGE;3500303;6;46649132
2021;Codigo IBGE;3500402;2;46649132
2021;Codigo IBGE;3500501;5;46649132
2021;Codigo IBGE;3500550;3;46649132
2021;Codigo IBGE;3500709;5;46649132
2021;Codigo IBGE;3500758;1;46649132
2021;Codigo IBGE;3500808;1;46649132
2021;Codigo IBGE;3501004;10;46649132
2021;Codigo IBGE;3501152;2;46649132
2021;Codigo IBGE;3501202;2;46649132
2021;Codigo IBGE;3501301;4;46649132
2021;Codigo IBGE;3501400;1;46649132
2021;Codigo IBGE;3501608;33;46649132
2021;Codigo IBGE;3501707;1;46649132
2021;Codigo IBGE;3501806;3;46649132
2021;Codigo IBGE;3501905;14;46649132
2021;Codigo IBGE;3502002;2;46649132
2021;Codigo IBGE;3502101;3;46649132
2021;Codigo IBGE;3502200;4;46649132
2021;Codigo IBGE;3502309;1;46649132
2021;Codigo IBGE;3502507;10;46649132
2021;Codigo IBGE;3502705;7;46649132
2021;Codigo IBGE;3502754;6;46649132
2021;Codigo IBGE;3502804;19;46649132
2021;Codigo IBGE;3502903;9;46649132
2021;Codigo IBGE;3503000;2;46649132
2021;Codigo IBGE;3503109;4;46649132
2021;Codigo IBGE;3503208;41;46649132
2021;Codigo IBGE;3503307;16;46649132
2021;Codigo IBGE;3503505;1;46649132
2021;Codigo IBGE;3503703;1;46649132
2021;Codigo IBGE;3503802;6;46649132
2021;Codigo IBGE;3503901;19;46649132
2021;Codigo IBGE;3503950;1;46649132
2021;Codigo IBGE;3504008;8;46649132
2021;Codigo IBGE;3504107;24;46649132
2021;Codigo IBGE;3504305;6;46649132
2021;Codigo IBGE;3504503;12;46649132
2021;Codigo IBGE;3504701;3;46649132
2021;Codigo IBGE;3504800;3;46649132
2021;Codigo IBGE;3504909;1;46649132
2021;Codigo IBGE;3505203;3;46649132
2021;Codigo IBGE;3505302;4;46649132
2021;Codigo IBGE;3505401;1;46649132
2021;Codigo IBGE;3505500;20;46649132
2021;Codigo IBGE;3505708;36;46649132
2021;Codigo IBGE;3505807;3;46649132
2021;Codigo IBGE;3505906;13;46649132
2021;Codigo IBGE;3506003;34;46649132
2021;Codigo IBGE;3506102;12;46649132
2021;Codigo IBGE;3506300;2;46649132
2021;Codigo IBGE;3506359;24;46649132
2021;Codigo IBGE;3506409;1;46649132
2021;Codigo IBGE;3506508;5;46649132
2021;Codigo IBGE;3506607;7;46649132
2021;Codigo IBGE;3506706;2;46649132
2021;Codigo IBGE;3506805;2;46649132
2021;Codigo IBGE;3506904;6;46649132
2021;Codigo IBGE;3507001;17;46649132
2021;Codigo IBGE;3507100;2;46649132
2021;Codigo IBGE;3507308;3;46649132
2021;Codigo IBGE;3507407;3;46649132
2021;Codigo IBGE;3507456;2;46649132
2021;Codigo IBGE;3507506;16;46649132
2021;Codigo IBGE;3507605;33;46649132
2021;Codigo IBGE;3507704;2;46649132
2021;Codigo IBGE;3507753;1;46649132
2021;Codigo IBGE;3507803;2;46649132
2021;Codigo IBGE;3507902;2;46649132
2021;Codigo IBGE;3508009;5;46649132
2021;Codigo IBGE;3508108;5;46649132
2021;Codigo IBGE;3508207;1;46649132
2021;Codigo IBGE;3508306;1;46649132
2021;Codigo IBGE;3508405;9;46649132
2021;Codigo IBGE;3508504;22;46649132
2021;Codigo IBGE;3508603;4;46649132
2021;Codigo IBGE;3508801;2;46649132
2021;Codigo IBGE;3509007;5;46649132
2021;Codigo IBGE;3509106;2;46649132
2021;Codigo IBGE;3509205;12;46649132
2021;Codigo IBGE;3509254;12;46649132
2021;Codigo IBGE;3509304;1;46649132
2021;Codigo IBGE;3509403;6;46649132
2021;Codigo IBGE;3509452;1;46649132
2021;Codigo IBGE;3509502;142;46649132
2021;Codigo IBGE;3509601;9;46649132
2021;Codigo IBGE;3509700;2;46649132
2021;Codigo IBGE;3509957;2;46649132
2021;Codigo IBGE;3510005;3;46649132
2021;Codigo IBGE;3510153;3;46649132
2021;Codigo IBGE;3510203;6;46649132
2021;Codigo IBGE;3510302;6;46649132
2021;Codigo IBGE;3510401;10;46649132
2021;Codigo IBGE;3510500;16;46649132
2021;Codigo IBGE;3510609;26;46649132
2021;Codigo IBGE;3510708;1;46649132
2021;Codigo IBGE;3510807;3;46649132
2021;Codigo IBGE;3510906;1;46649132
2021;Codigo IBGE;3511003;5;46649132
2021;Codigo IBGE;3511102;15;46649132
2021;Codigo IBGE;3511201;3;46649132
2021;Codigo IBGE;3511300;2;46649132
2021;Codigo IBGE;3511409;5;46649132
2021;Codigo IBGE;3511508;5;46649132
2021;Codigo IBGE;3511607;6;46649132
2021;Codigo IBGE;3511706;3;46649132
2021;Codigo IBGE;3512001;3;46649132
2021;Codigo IBGE;3512100;3;46649132
2021;Codigo IBGE;3512209;4;46649132
2021;Codigo IBGE;3512308;1;46649132
2021;Codigo IBGE;3512407;9;46649132
2021;Codigo IBGE;3512605;1;46649132
2021;Codigo IBGE;3512704;6;46649132
2021;Codigo IBGE;3512803;12;46649132
2021;Codigo IBGE;3512902;3;46649132
2021;Codigo IBGE;3513009;32;46649132
2021;Codigo IBGE;3513108;3;46649132
2021;Codigo IBGE;3513207;5;46649132
2021;Codigo IBGE;3513405;10;46649132
2021;Codigo IBGE;3513504;27;46649132
2021;Codigo IBGE;3513603;6;46649132
2021;Codigo IBGE;3513702;3;46649132
2021;Codigo IBGE;3513801;23;46649132
2021;Codigo IBGE;3513850;2;46649132
2021;Codigo IBGE;3513900;2;46649132
2021;Codigo IBGE;3514007;2;46649132
2021;Codigo IBGE;3514106;5;46649132
2021;Codigo IBGE;3514403;1;46649132
2021;Codigo IBGE;3514601;2;46649132
2021;Codigo IBGE;3514700;1;46649132
2021;Codigo IBGE;3514809;3;46649132
2021;Codigo IBGE;3514908;2;46649132
2021;Codigo IBGE;3514957;2;46649132
2021;Codigo IBGE;3515004;22;46649132
2021;Codigo IBGE;3515103;10;46649132
2021;Codigo IBGE;3515152;4;46649132
2021;Codigo IBGE;3515186;4;46649132
2021;Codigo IBGE;3515202;2;46649132
2021;Codigo IBGE;3515301;3;46649132
2021;Codigo IBGE;3515350;2;46649132
2021;Codigo IBGE;3515400;4;46649132
2021;Codigo IBGE;3515509;9;46649132
2021;Codigo IBGE;3515608;1;46649132
2021;Codigo IBGE;3515707;11;46649132
2021;Codigo IBGE;3515905;2;46649132
2021;Codigo IBGE;3516002;4;46649132
2021;Codigo IBGE;3516200;39;46649132
2021;Codigo IBGE;3516309;6;46649132
2021;Codigo IBGE;3516408;15;46649132
2021;Codigo IBGE;3516507;1;46649132
2021;Codigo IBGE;3516606;4;46649132
2021;Codigo IBGE;3516705;6;46649132
2021;Codigo IBGE;3516853;3;46649132
2021;Codigo IBGE;3516903;5;46649132
2021;Codigo IBGE;3517208;2;46649132
2021;Codigo IBGE;3517307;2;46649132
2021;Codigo IBGE;3517406;3;46649132
2021;Codigo IBGE;3517505;2;46649132
2021;Codigo IBGE;3517604;5;46649132
2021;Codigo IBGE;3517703;5;46649132
2021;Codigo IBGE;3518107;3;46649132
2021;Codigo IBGE;3518206;3;46649132
2021;Codigo IBGE;3518305;11;46649132
2021;Codigo IBGE;3518404;13;46649132
2021;Codigo IBGE;3518503;2;46649132
2021;Codigo IBGE;3518602;1;46649132
2021;Codigo IBGE;3518701;25;46649132
2021;Codigo IBGE;3518800;141;46649132
2021;Codigo IBGE;3518859;1;46649132
2021;Codigo IBGE;3518909;1;46649132
2021;Codigo IBGE;3519006;2;46649132
2021;Codigo IBGE;3519055;2;46649132
2021;Codigo IBGE;3519071;16;46649132
2021;Codigo IBGE;3519105;5;46649132
2021;Codigo IBGE;3519253;1;46649132
2021;Codigo IBGE;3519303;3;46649132
2021;Codigo IBGE;3519501;1;46649132
2021;Codigo IBGE;3519600;13;46649132
2021;Codigo IBGE;3519709;15;46649132
2021;Codigo IBGE;3519808;5;46649132
2021;Codigo IBGE;3520004;4;46649132
2021;Codigo IBGE;3520103;5;46649132
2021;Codigo IBGE;3520202;2;46649132
2021;Codigo IBGE;3520301;4;46649132
2021;Codigo IBGE;3520400;3;46649132
2021;Codigo IBGE;3520426;3;46649132
2021;Codigo IBGE;3520442;5;46649132
2021;Codigo IBGE;3520509;21;46649132
2021;Codigo IBGE;3520608;1;46649132
2021;Codigo IBGE;3520905;1;46649132
2021;Codigo IBGE;3521002;3;46649132
2021;Codigo IBGE;3521101;4;46649132
2021;Codigo IBGE;3521150;2;46649132
2021;Codigo IBGE;3521309;5;46649132
2021;Codigo IBGE;3521408;1;46649132
2021;Codigo IBGE;3521507;1;46649132
2021;Codigo IBGE;3521606;1;46649132
2021;Codigo IBGE;3521705;1;46649132
2021;Codigo IBGE;3521804;1;46649132
2021;Codigo IBGE;3521903;2;46649132
2021;Codigo IBGE;3522109;26;46649132
2021;Codigo IBGE;3522208;24;46649132
2021;Codigo IBGE;3522307;20;46649132
2021;Codigo IBGE;3522406;14;46649132
2021;Codigo IBGE;3522505;8;46649132
2021;Codigo IBGE;3522604;14;46649132
2021;Codigo IBGE;3522703;5;46649132
2021;Codigo IBGE;3522802;1;46649132
2021;Codigo IBGE;3522901;1;46649132
2021;Codigo IBGE;3523107;32;46649132
2021;Codigo IBGE;3523206;1;46649132
2021;Codigo IBGE;3523305;5;46649132
2021;Codigo IBGE;3523404;12;46649132
2021;Codigo IBGE;3523503;5;46649132
2021;Codigo IBGE;3523602;9;46649132
2021;Codigo IBGE;3523701;4;46649132
2021;Codigo IBGE;3523800;1;46649132
2021;Codigo IBGE;3523909;28;46649132
2021;Codigo IBGE;3524006;16;46649132
2021;Codigo IBGE;3524105;7;46649132
2021;Codigo IBGE;3524303;9;46649132
2021;Codigo IBGE;3524402;33;46649132
2021;Codigo IBGE;3524501;3;46649132
2021;Codigo IBGE;3524600;8;46649132
2021;Codigo IBGE;3524709;8;46649132
2021;Codigo IBGE;3524808;1;46649132
2021;Codigo IBGE;3525003;1;46649132
2021;Codigo IBGE;3525102;9;46649132
2021;Codigo IBGE;3525201;13;46649132
2021;Codigo IBGE;3525300;15;46649132
2021;Codigo IBGE;3525409;1;46649132
2021;Codigo IBGE;3525607;5;46649132
2021;Codigo IBGE;3525706;7;46649132
2021;Codigo IBGE;3525854;1;46649132
2021;Codigo IBGE;3525904;74;46649132
2021;Codigo IBGE;3526001;4;46649132
2021;Codigo IBGE;3526100;5;46649132
2021;Codigo IBGE;3526209;10;46649132
2021;Codigo IBGE;3526308;1;46649132
2021;Codigo IBGE;3526407;7;46649132
2021;Codigo IBGE;3526506;1;46649132
2021;Codigo IBGE;3526605;3;46649132
2021;Codigo IBGE;3526704;10;46649132
2021;Codigo IBGE;3526803;2;46649132
2021;Codigo IBGE;3526902;46;46649132
2021;Codigo IBGE;3527009;2;46649132
2021;Codigo IBGE;3527108;9;46649132
2021;Codigo IBGE;3527207;9;46649132
2021;Codigo IBGE;3527306;8;46649132
2021;Codigo IBGE;3527405;1;46649132
2021;Codigo IBGE;3527504;1;46649132
2021;Codigo IBGE;3527603;2;46649132
2021;Codigo IBGE;3527801;1;46649132
2021;Codigo IBGE;3527900;1;46649132
2021;Codigo IBGE;3528007;5;46649132
2021;Codigo IBGE;3528106;1;46649132
2021;Codigo IBGE;3528403;10;46649132
2021;Codigo IBGE;3528502;18;46649132
2021;Codigo IBGE;3528700;1;46649132
2021;Codigo IBGE;3528809;4;46649132
2021;Codigo IBGE;3528858;1;46649132
2021;Codigo IBGE;3528908;1;46649132
2021;Codigo IBGE;3529005;29;46649132
2021;Codigo IBGE;3529104;1;46649132
2021;Codigo IBGE;3529203;8;46649132
2021;Codigo IBGE;3529302;7;46649132
2021;Codigo IBGE;3529401;23;46649132
2021;Codigo IBGE;3529609;1;46649132
2021;Codigo IBGE;3529708;3;46649132
2021;Codigo IBGE;3529807;3;46649132
2021;Codigo IBGE;3529906;8;46649132
2021;Codigo IBGE;3530102;3;46649132
2021;Codigo IBGE;3530201;10;46649132
2021;Codigo IBGE;3530300;7;46649132
2021;Codigo IBGE;3530508;17;46649132
2021;Codigo IBGE;3530607;57;46649132
2021;Codigo IBGE;3530706;21;46649132
2021;Codigo IBGE;3530805;15;46649132
2021;Codigo IBGE;3530904;1;46649132
2021;Codigo IBGE;3531001;1;46649132
2021;Codigo IBGE;3531100;8;46649132
2021;Codigo IBGE;3531209;2;46649132
2021;Codigo IBGE;3531308;4;46649132
2021;Codigo IBGE;3531407;1;46649132
2021;Codigo IBGE;3531506;3;46649132
2021;Codigo IBGE;3531704;2;46649132
2021;Codigo IBGE;3531803;11;46649132
2021;Codigo IBGE;3531902;2;46649132
2021;Codigo IBGE;3532009;3;46649132
2021;Codigo IBGE;3532058;1;46649132
2021;Codigo IBGE;3532108;1;46649132
2021;Codigo IBGE;3532157;1;46649132
2021;Codigo IBGE;3532306;1;46649132
2021;Codigo IBGE;3532405;7;46649132
2021;Codigo IBGE;3532504;2;46649132
2021;Codigo IBGE;3532702;1;46649132
2021;Codigo IBGE;3532827;1;46649132
2021;Codigo IBGE;3532843;1;46649132
2021;Codigo IBGE;3532900;3;46649132
2021;Codigo IBGE;3533007;4;46649132
2021;Codigo IBGE;3533403;6;46649132
2021;Codigo IBGE;3533502;3;46649132
2021;Codigo IBGE;3533601;2;46649132
2021;Codigo IBGE;3533809;1;46649132
2021;Codigo IBGE;3533908;7;46649132
2021;Codigo IBGE;3534005;2;46649132
2021;Codigo IBGE;3534104;2;46649132
2021;Codigo IBGE;3534203;2;46649132
2021;Codigo IBGE;3534302;6;46649132
2021;Codigo IBGE;3534401;46;46649132
2021;Codigo IBGE;3534500;1;46649132
2021;Codigo IBGE;3534609;5;46649132
2021;Codigo IBGE;3534708;12;46649132
2021;Codigo IBGE;3534757;6;46649132
2021;Codigo IBGE;3534807;1;46649132
2021;Codigo IBGE;3535002;3;46649132
2021;Codigo IBGE;3535101;2;46649132
2021;Codigo IBGE;3535200;3;46649132
2021;Codigo IBGE;3535309;3;46649132
2021;Codigo IBGE;3535408;3;46649132
2021;Codigo IBGE;3535507;11;46649132
2021;Codigo IBGE;3535606;6;46649132
2021;Codigo IBGE;3535705;1;46649132
2021;Codigo IBGE;3535804;8;46649132
2021;Codigo IBGE;3536000;3;46649132
2021;Codigo IBGE;3536109;5;46649132
2021;Codigo IBGE;3536208;7;46649132
2021;Codigo IBGE;3536307;3;46649132
2021;Codigo IBGE;3536505;11;46649132
2021;Codigo IBGE;3536604;1;46649132
2021;Codigo IBGE;3536703;7;46649132
2021;Codigo IBGE;3536802;2;46649132
2021;Codigo IBGE;3537008;1;46649132
2021;Codigo IBGE;3537107;3;46649132
2021;Codigo IBGE;3537156;1;46649132
2021;Codigo IBGE;3537206;5;46649132
2021;Codigo IBGE;3537305;18;46649132
2021;Codigo IBGE;3537404;2;46649132
2021;Codigo IBGE;3537503;1;46649132
2021;Codigo IBGE;3537602;16;46649132
2021;Codigo IBGE;3537701;3;46649132
2021;Codigo IBGE;3537800;13;46649132
2021;Codigo IBGE;3537909;6;46649132
2021;Codigo IBGE;3538006;26;46649132
2021;Codigo IBGE;3538105;7;46649132
2021;Codigo IBGE;3538204;1;46649132
2021;Codigo IBGE;3538303;1;46649132
2021;Codigo IBGE;3538501;1;46649132
2021;Codigo IBGE;3538600;4;46649132
2021;Codigo IBGE;3538709;47;46649132
2021;Codigo IBGE;3538808;5;46649132
2021;Codigo IBGE;3538907;3;46649132
2021;Codigo IBGE;3539103;4;46649132
2021;Codigo IBGE;3539202;5;46649132
2021;Codigo IBGE;3539301;5;46649132
2021;Codigo IBGE;3539400;2;46649132
2021;Codigo IBGE;3539509;1;46649132
2021;Codigo IBGE;3539608;2;46649132
2021;Codigo IBGE;3539806;4;46649132
2021;Codigo IBGE;3539905;2;46649132
2021;Codigo IBGE;3540200;8;46649132
2021;Codigo IBGE;3540259;1;46649132
2021;Codigo IBGE;3540408;1;46649132
2021;Codigo IBGE;3540507;3;46649132
2021;Codigo IBGE;3540606;16;46649132
2021;Codigo IBGE;3540705;6;46649132
2021;Codigo IBGE;3540754;1;46649132
2021;Codigo IBGE;3540804;6;46649132
2021;Codigo IBGE;3540903;8;46649132
2021;Codigo IBGE;3541000;35;46649132
2021;Codigo IBGE;3541208;1;46649132
2021;Codigo IBGE;3541307;6;46649132
2021;Codigo IBGE;3541406;18;46649132
2021;Codigo IBGE;3541505;3;46649132
2021;Codigo IBGE;3541604;10;46649132
2021;Codigo IBGE;3541703;2;46649132
2021;Codigo IBGE;3541901;1;46649132
2021;Codigo IBGE;3542008;1;46649132
2021;Codigo IBGE;3542107;2;46649132
2021;Codigo IBGE;3542206;6;46649132
2021;Codigo IBGE;3542404;2;46649132
2021;Codigo IBGE;3542503;1;46649132
2021;Codigo IBGE;3542602;6;46649132
2021;Codigo IBGE;3542701;4;46649132
2021;Codigo IBGE;3542909;5;46649132
2021;Codigo IBGE;3543006;8;46649132
2021;Codigo IBGE;3543105;1;46649132
2021;Codigo IBGE;3543303;13;46649132
2021;Codigo IBGE;3543402;83;46649132
2021;Codigo IBGE;3543501;1;46649132
2021;Codigo IBGE;3543600;6;46649132
2021;Codigo IBGE;3543709;2;46649132
2021;Codigo IBGE;3543808;1;46649132
2021;Codigo IBGE;3543907;35;46649132
2021;Codigo IBGE;3544004;5;46649132
2021;Codigo IBGE;3544103;2;46649132
2021;Codigo IBGE;3544202;2;46649132
2021;Codigo IBGE;3544251;5;46649132
2021;Codigo IBGE;3544301;2;46649132
2021;Codigo IBGE;3544806;3;46649132
2021;Codigo IBGE;3545001;3;46649132
2021;Codigo IBGE;3545159;1;46649132
2021;Codigo IBGE;3545209;12;46649132
2021;Codigo IBGE;3545308;3;46649132
2021;Codigo IBGE;3545407;3;46649132
2021;Codigo IBGE;3545803;18;46649132
2021;Codigo IBGE;3546009;1;46649132
2021;Codigo IBGE;3546207;3;46649132
2021;Codigo IBGE;3546306;1;46649132
2021;Codigo IBGE;3546405;4;46649132
2021;Codigo IBGE;3546504;2;46649132
2021;Codigo IBGE;3546603;7;46649132
2021;Codigo IBGE;3546702;2;46649132
2021;Codigo IBGE;3546801;10;46649132
2021;Codigo IBGE;3547007;4;46649132
2021;Codigo IBGE;3547205;3;46649132
2021;Codigo IBGE;3547304;19;46649132
2021;Codigo IBGE;3547403;3;46649132
2021;Codigo IBGE;3547502;2;46649132
2021;Codigo IBGE;3547601;2;46649132
2021;Codigo IBGE;3547700;1;46649132
2021;Codigo IBGE;3547809;45;46649132
2021;Codigo IBGE;3547908;2;46649132
2021;Codigo IBGE;3548005;8;46649132
2021;Codigo IBGE;3548054;2;46649132
2021;Codigo IBGE;3548104;1;46649132
2021;Codigo IBGE;3548203;2;46649132
2021;Codigo IBGE;3548500;33;46649132
2021;Codigo IBGE;3548609;1;46649132
2021;Codigo IBGE;3548708;79;46649132
2021;Codigo IBGE;3548807;16;46649132
2021;Codigo IBGE;3548906;34;46649132
2021;Codigo IBGE;3549102;15;46649132
2021;Codigo IBGE;3549250;1;46649132
2021;Codigo IBGE;3549409;4;46649132
2021;Codigo IBGE;3549706;4;46649132
2021;Codigo IBGE;3549805;36;46649132
2021;Codigo IBGE;3549904;72;46649132
2021;Codigo IBGE;3549953;7;46649132
2021;Codigo IBGE;3550001;6;46649132
2021;Codigo IBGE;3550100;12;46649132
2021;Codigo IBGE;3550209;6;46649132
2021;Codigo IBGE;3550308;725;46649132
2021;Codigo IBGE;3550407;3;46649132
2021;Codigo IBGE;3550506;5;46649132
2021;Codigo IBGE;3550605;17;46649132
2021;Codigo IBGE;3550704;17;46649132
2021;Codigo IBGE;3550803;4;46649132
2021;Codigo IBGE;3550902;6;46649132
2021;Codigo IBGE;3551009;31;46649132
2021;Codigo IBGE;3551108;1;46649132
2021;Codigo IBGE;3551207;1;46649132
2021;Codigo IBGE;3551306;1;46649132
2021;Codigo IBGE;3551405;3;46649132
2021;Codigo IBGE;3551504;3;46649132
2021;Codigo IBGE;3551603;3;46649132
2021;Codigo IBGE;3551702;12;46649132
2021;Codigo IBGE;3551801;2;46649132
2021;Codigo IBGE;3551900;1;46649132
2021;Codigo IBGE;3552106;8;46649132
2021;Codigo IBGE;3552205;79;46649132
2021;Codigo IBGE;3552304;2;46649132
2021;Codigo IBGE;3552403;35;46649132
2021;Codigo IBGE;3552502;13;46649132
2021;Codigo IBGE;3552601;1;46649132
2021;Codigo IBGE;3552700;7;46649132
2021;Codigo IBGE;3552809;16;46649132
2021;Codigo IBGE;3553005;1;46649132
2021;Codigo IBGE;3553203;1;46649132
2021;Codigo IBGE;3553302;2;46649132
2021;Codigo IBGE;3553401;3;46649132
2021;Codigo IBGE;3553500;2;46649132
2021;Codigo IBGE;3553609;2;46649132
2021;Codigo IBGE;3553658;1;46649132
2021;Codigo IBGE;3553708;7;46649132
2021;Codigo IBGE;3553807;6;46649132
2021;Codigo IBGE;3553856;5;46649132
2021;Codigo IBGE;3554003;15;46649132
2021;Codigo IBGE;3554102;25;46649132
2021;Codigo IBGE;3554300;1;46649132
2021;Codigo IBGE;3554409;2;46649132
2021;Codigo IBGE;3554508;11;46649132
2021;Codigo IBGE;3554706;1;46649132
2021;Codigo IBGE;3554755;1;46649132
2021;Codigo IBGE;3554805;3;46649132
2021;Codigo IBGE;3554904;1;46649132
2021;Codigo IBGE;3554953;3;46649132
2021;Codigo IBGE;3555000;7;46649132
2021;Codigo IBGE;3555109;6;46649132
2021;Codigo IBGE;3555208;1;46649132
2021;Codigo IBGE;3555307;1;46649132
2021;Codigo IBGE;3555356;2;46649132
2021;Codigo IBGE;3555406;23;46649132
2021;Codigo IBGE;3555505;1;46649132
2021;Codigo IBGE;3555604;1;46649132
2021;Codigo IBGE;3555703;1;46649132
2021;Codigo IBGE;3555802;1;46649132
2021;Codigo IBGE;3555901;1;46649132
2021;Codigo IBGE;3556107;3;46649132
2021;Codigo IBGE;3556206;15;46649132
2021;Codigo IBGE;3556354;4;46649132
2021;Codigo IBGE;3556404;3;46649132
2021;Codigo IBGE;3556453;3;46649132
2021;Codigo IBGE;3556503;7;46649132
2021;Codigo IBGE;3556602;2;46649132
2021;Codigo IBGE;3556701;8;46649132
2021;Codigo IBGE;3556800;2;46649132
2021;Codigo IBGE;3556909;1;46649132
2021;Codigo IBGE;3557006;11;46649132
2021;Codigo IBGE;3557105;12;46649132
2021;Codigo IBGE;3557154;1;46649132
2021;Codigo IBGE;3557204;2;46649132
2021;Codigo IBGE;3557303;1;46649132
2022;Codigo IBGE;3500105;5;46649132
2022;Codigo IBGE;3500204;1;46649132
2022;Codigo IBGE;3500303;3;46649132
2022;Codigo IBGE;3500402;6;46649132
2022;Codigo IBGE;3500501;3;46649132
2022;Codigo IBGE;3500550;3;46649132
2022;Codigo IBGE;3500709;6;46649132
2022;Codigo IBGE;3500758;3;46649132
2022;Codigo IBGE;3500808;1;46649132
2022;Codigo IBGE;3501004;1;46649132
2022;Codigo IBGE;3501152;4;46649132
2022;Codigo IBGE;3501301;2;46649132
2022;Codigo IBGE;3501608;29;46649132
2022;Codigo IBGE;3501707;5;46649132
2022;Codigo IBGE;3501806;3;46649132
2022;Codigo IBGE;3501905;9;46649132
2022;Codigo IBGE;3502101;7;46649132
2022;Codigo IBGE;3502200;1;46649132
2022;Codigo IBGE;3502309;4;46649132
2022;Codigo IBGE;3502507;6;46649132
2022;Codigo IBGE;3502705;7;46649132
2022;Codigo IBGE;3502754;13;46649132
2022;Codigo IBGE;3502804;33;46649132
2022;Codigo IBGE;3502903;5;46649132
2022;Codigo IBGE;3503000;3;46649132
2022;Codigo IBGE;3503109;2;46649132
2022;Codigo IBGE;3503208;40;46649132
2022;Codigo IBGE;3503307;20;46649132
2022;Codigo IBGE;3503406;4;46649132
2022;Codigo IBGE;3503604;2;46649132
2022;Codigo IBGE;3503703;4;46649132
2022;Codigo IBGE;3503802;8;46649132
2022;Codigo IBGE;3503901;19;46649132
2022;Codigo IBGE;3504008;15;46649132
2022;Codigo IBGE;3504107;16;46649132
2022;Codigo IBGE;3504206;2;46649132
2022;Codigo IBGE;3504305;1;46649132
2022;Codigo IBGE;3504404;5;46649132
2022;Codigo IBGE;3504503;17;46649132
2022;Codigo IBGE;3504602;3;46649132
2022;Codigo IBGE;3504800;2;46649132
2022;Codigo IBGE;3504909;1;46649132
2022;Codigo IBGE;3505203;3;46649132
2022;Codigo IBGE;3505302;1;46649132
2022;Codigo IBGE;3505351;2;46649132
2022;Codigo IBGE;3505401;9;46649132
2022;Codigo IBGE;3505500;16;46649132
2022;Codigo IBGE;3505609;3;46649132
2022;Codigo IBGE;3505708;32;46649132
2022;Codigo IBGE;3505807;7;46649132
2022;Codigo IBGE;3505906;10;46649132
2022;Codigo IBGE;3506003;60;46649132
2022;Codigo IBGE;3506102;12;46649132
2022;Codigo IBGE;3506201;1;46649132
2022;Codigo IBGE;3506300;1;46649132
2022;Codigo IBGE;3506359;20;46649132
2022;Codigo IBGE;3506409;3;46649132
2022;Codigo IBGE;3506508;20;46649132
2022;Codigo IBGE;3506607;5;46649132
2022;Codigo IBGE;3506706;6;46649132
2022;Codigo IBGE;3506805;1;46649132
2022;Codigo IBGE;3507001;8;46649132
2022;Codigo IBGE;3507100;8;46649132
2022;Codigo IBGE;3507159;1;46649132
2022;Codigo IBGE;3507308;1;46649132
2022;Codigo IBGE;3507407;3;46649132
2022;Codigo IBGE;3507456;1;46649132
2022;Codigo IBGE;3507506;14;46649132
2022;Codigo IBGE;3507605;31;46649132
2022;Codigo IBGE;3507704;1;46649132
2022;Codigo IBGE;3507803;8;46649132
2022;Codigo IBGE;3507902;9;46649132
2022;Codigo IBGE;3508009;1;46649132
2022;Codigo IBGE;3508108;2;46649132
2022;Codigo IBGE;3508207;2;46649132
2022;Codigo IBGE;3508306;2;46649132
2022;Codigo IBGE;3508405;2;46649132
2022;Codigo IBGE;3508504;15;46649132
2022;Codigo IBGE;3508603;5;46649132
2022;Codigo IBGE;3508702;1;46649132
2022;Codigo IBGE;3508801;4;46649132
2022;Codigo IBGE;3509007;11;46649132
2022;Codigo IBGE;3509205;20;46649132
2022;Codigo IBGE;3509254;14;46649132
2022;Codigo IBGE;3509403;5;46649132
2022;Codigo IBGE;3509452;1;46649132
2022;Codigo IBGE;3509502;146;46649132
2022;Codigo IBGE;3509601;13;46649132
2022;Codigo IBGE;3509700;6;46649132
2022;Codigo IBGE;3509809;1;46649132
2022;Codigo IBGE;3509908;2;46649132
2022;Codigo IBGE;3509957;2;46649132
2022;Codigo IBGE;3510005;4;46649132
2022;Codigo IBGE;3510203;17;46649132
2022;Codigo IBGE;3510302;3;46649132
2022;Codigo IBGE;3510401;11;46649132
2022;Codigo IBGE;3510500;20;46649132
2022;Codigo IBGE;3510609;26;46649132
2022;Codigo IBGE;3510708;3;46649132
2022;Codigo IBGE;3510807;12;46649132
2022;Codigo IBGE;3510906;2;46649132
2022;Codigo IBGE;3511003;4;46649132
2022;Codigo IBGE;3511102;16;46649132
2022;Codigo IBGE;3511201;1;46649132
2022;Codigo IBGE;3511300;2;46649132
2022;Codigo IBGE;3511508;5;46649132
2022;Codigo IBGE;3511607;1;46649132
2022;Codigo IBGE;3511706;3;46649132
2022;Codigo IBGE;3511904;1;46649132
2022;Codigo IBGE;3512001;6;46649132
2022;Codigo IBGE;3512209;7;46649132
2022;Codigo IBGE;3512308;2;46649132
2022;Codigo IBGE;3512407;8;46649132
2022;Codigo IBGE;3512506;2;46649132
2022;Codigo IBGE;3512605;2;46649132
2022;Codigo IBGE;3512704;3;46649132
2022;Codigo IBGE;3512803;4;46649132
2022;Codigo IBGE;3512902;2;46649132
2022;Codigo IBGE;3513009;37;46649132
2022;Codigo IBGE;3513108;7;46649132
2022;Codigo IBGE;3513207;3;46649132
2022;Codigo IBGE;3513405;10;46649132
2022;Codigo IBGE;3513504;19;46649132
2022;Codigo IBGE;3513603;2;46649132
2022;Codigo IBGE;3513702;9;46649132
2022;Codigo IBGE;3513801;32;46649132
2022;Codigo IBGE;3513900;4;46649132
2022;Codigo IBGE;3514106;3;46649132
2022;Codigo IBGE;3514304;1;46649132
2022;Codigo IBGE;3514403;9;46649132
2022;Codigo IBGE;3514502;2;46649132
2022;Codigo IBGE;3514601;1;46649132
2022;Codigo IBGE;3514700;4;46649132
2022;Codigo IBGE;3514908;4;46649132
2022;Codigo IBGE;3515004;27;46649132
2022;Codigo IBGE;3515103;8;46649132
2022;Codigo IBGE;3515152;4;46649132
2022;Codigo IBGE;3515186;5;46649132
2022;Codigo IBGE;3515194;5;46649132
2022;Codigo IBGE;3515202;2;46649132
2022;Codigo IBGE;3515301;3;46649132
2022;Codigo IBGE;3515350;1;46649132
2022;Codigo IBGE;3515400;2;46649132
2022;Codigo IBGE;3515509;13;46649132
2022;Codigo IBGE;3515608;2;46649132
2022;Codigo IBGE;3515707;9;46649132
2022;Codigo IBGE;3515905;2;46649132
2022;Codigo IBGE;3516200;42;46649132
2022;Codigo IBGE;3516309;7;46649132
2022;Codigo IBGE;3516408;19;46649132
2022;Codigo IBGE;3516606;1;46649132
2022;Codigo IBGE;3516705;5;46649132
2022;Codigo IBGE;3516853;1;46649132
2022;Codigo IBGE;3516903;4;46649132
2022;Codigo IBGE;3517000;2;46649132
2022;Codigo IBGE;3517109;1;46649132
2022;Codigo IBGE;3517208;2;46649132
2022;Codigo IBGE;3517307;1;46649132
2022;Codigo IBGE;3517406;7;46649132
2022;Codigo IBGE;3517505;3;46649132
2022;Codigo IBGE;3517604;6;46649132
2022;Codigo IBGE;3517703;5;46649132
2022;Codigo IBGE;3517901;1;46649132
2022;Codigo IBGE;3518107;4;46649132
2022;Codigo IBGE;3518206;3;46649132
2022;Codigo IBGE;3518305;10;46649132
2022;Codigo IBGE;3518404;17;46649132
2022;Codigo IBGE;3518503;2;46649132
2022;Codigo IBGE;3518602;9;46649132
2022;Codigo IBGE;3518701;26;46649132
2022;Codigo IBGE;3518800;146;46649132
2022;Codigo IBGE;3519006;2;46649132
2022;Codigo IBGE;3519055;1;46649132
2022;Codigo IBGE;3519071;14;46649132
2022;Codigo IBGE;3519105;5;46649132
2022;Codigo IBGE;3519253;1;46649132
2022;Codigo IBGE;3519303;6;46649132
2022;Codigo IBGE;3519402;3;46649132
2022;Codigo IBGE;3519501;1;46649132
2022;Codigo IBGE;3519600;14;46649132
2022;Codigo IBGE;3519709;14;46649132
2022;Codigo IBGE;3519808;3;46649132
2022;Codigo IBGE;3520004;3;46649132
2022;Codigo IBGE;3520103;3;46649132
2022;Codigo IBGE;3520202;9;46649132
2022;Codigo IBGE;3520301;7;46649132
2022;Codigo IBGE;3520400;4;46649132
2022;Codigo IBGE;3520426;1;46649132
2022;Codigo IBGE;3520442;1;46649132
2022;Codigo IBGE;3520509;29;46649132
2022;Codigo IBGE;3520608;1;46649132
2022;Codigo IBGE;3520707;1;46649132
2022;Codigo IBGE;3520806;1;46649132
2022;Codigo IBGE;3520905;3;46649132
2022;Codigo IBGE;3521002;5;46649132
2022;Codigo IBGE;3521150;2;46649132
2022;Codigo IBGE;3521200;1;46649132
2022;Codigo IBGE;3521408;1;46649132
2022;Codigo IBGE;3521507;2;46649132
2022;Codigo IBGE;3521606;1;46649132
2022;Codigo IBGE;3521705;2;46649132
2022;Codigo IBGE;3521804;6;46649132
2022;Codigo IBGE;3521903;2;46649132
2022;Codigo IBGE;3522109;20;46649132
2022;Codigo IBGE;3522208;23;46649132
2022;Codigo IBGE;3522307;25;46649132
2022;Codigo IBGE;3522406;21;46649132
2022;Codigo IBGE;3522505;23;46649132
2022;Codigo IBGE;3522604;9;46649132
2022;Codigo IBGE;3522653;1;46649132
2022;Codigo IBGE;3522703;9;46649132
2022;Codigo IBGE;3522802;1;46649132
2022;Codigo IBGE;3523107;40;46649132
2022;Codigo IBGE;3523206;4;46649132
2022;Codigo IBGE;3523305;6;46649132
2022;Codigo IBGE;3523404;16;46649132
2022;Codigo IBGE;3523503;2;46649132
2022;Codigo IBGE;3523602;7;46649132
2022;Codigo IBGE;3523701;4;46649132
2022;Codigo IBGE;3523800;2;46649132
2022;Codigo IBGE;3523909;43;46649132
2022;Codigo IBGE;3524006;15;46649132
2022;Codigo IBGE;3524105;8;46649132
2022;Codigo IBGE;3524204;3;46649132
2022;Codigo IBGE;3524303;12;46649132
2022;Codigo IBGE;3524402;36;46649132
2022;Codigo IBGE;3524501;3;46649132
2022;Codigo IBGE;3524600;6;46649132
2022;Codigo IBGE;3524709;12;46649132
2022;Codigo IBGE;3524808;3;46649132
2022;Codigo IBGE;3524907;1;46649132
2022;Codigo IBGE;3525003;5;46649132
2022;Codigo IBGE;3525102;5;46649132
2022;Codigo IBGE;3525201;14;46649132
2022;Codigo IBGE;3525300;25;46649132
2022;Codigo IBGE;3525508;2;46649132
2022;Codigo IBGE;3525706;7;46649132
2022;Codigo IBGE;3525854;3;46649132
2022;Codigo IBGE;3525904;75;46649132
2022;Codigo IBGE;3526001;3;46649132
2022;Codigo IBGE;3526100;5;46649132
2022;Codigo IBGE;3526209;9;46649132
2022;Codigo IBGE;3526407;6;46649132
2022;Codigo IBGE;3526506;1;46649132
2022;Codigo IBGE;3526605;2;46649132
2022;Codigo IBGE;3526704;11;46649132
2022;Codigo IBGE;3526803;7;46649132
2022;Codigo IBGE;3526902;43;46649132
2022;Codigo IBGE;3527108;12;46649132
2022;Codigo IBGE;3527207;12;46649132
2022;Codigo IBGE;3527306;13;46649132
2022;Codigo IBGE;3527405;6;46649132
2022;Codigo IBGE;3527603;5;46649132
2022;Codigo IBGE;3527900;1;46649132
2022;Codigo IBGE;3528007;3;46649132
2022;Codigo IBGE;3528403;8;46649132
2022;Codigo IBGE;3528502;11;46649132
2022;Codigo IBGE;3528601;3;46649132
2022;Codigo IBGE;3528700;3;46649132
2022;Codigo IBGE;3528809;4;46649132
2022;Codigo IBGE;3529005;25;46649132
2022;Codigo IBGE;3529203;13;46649132
2022;Codigo IBGE;3529302;15;46649132
2022;Codigo IBGE;3529401;30;46649132
2022;Codigo IBGE;3529500;2;46649132
2022;Codigo IBGE;3529609;5;46649132
2022;Codigo IBGE;3529708;1;46649132
2022;Codigo IBGE;3529807;2;46649132
2022;Codigo IBGE;3529906;23;46649132
2022;Codigo IBGE;3530102;4;46649132
2022;Codigo IBGE;3530201;4;46649132
2022;Codigo IBGE;3530300;9;46649132
2022;Codigo IBGE;3530409;1;46649132
2022;Codigo IBGE;3530508;22;46649132
2022;Codigo IBGE;3530607;58;46649132
2022;Codigo IBGE;3530706;24;46649132
2022;Codigo IBGE;3530805;17;46649132
2022;Codigo IBGE;3530904;1;46649132
2022;Codigo IBGE;3531001;1;46649132
2022;Codigo IBGE;3531100;6;46649132
2022;Codigo IBGE;3531209;3;46649132
2022;Codigo IBGE;3531308;2;46649132
2022;Codigo IBGE;3531407;6;46649132
2022;Codigo IBGE;3531506;1;46649132
2022;Codigo IBGE;3531803;12;46649132
2022;Codigo IBGE;3531902;2;46649132
2022;Codigo IBGE;3532009;1;46649132
2022;Codigo IBGE;3532157;1;46649132
2022;Codigo IBGE;3532207;1;46649132
2022;Codigo IBGE;3532405;6;46649132
2022;Codigo IBGE;3532504;2;46649132
2022;Codigo IBGE;3532603;4;46649132
2022;Codigo IBGE;3532702;2;46649132
2022;Codigo IBGE;3533007;6;46649132
2022;Codigo IBGE;3533254;2;46649132
2022;Codigo IBGE;3533304;1;46649132
2022;Codigo IBGE;3533403;3;46649132
2022;Codigo IBGE;3533502;6;46649132
2022;Codigo IBGE;3533601;5;46649132
2022;Codigo IBGE;3533809;1;46649132
2022;Codigo IBGE;3533908;8;46649132
2022;Codigo IBGE;3534005;4;46649132
2022;Codigo IBGE;3534203;1;46649132
2022;Codigo IBGE;3534302;7;46649132
2022;Codigo IBGE;3534401;58;46649132
2022;Codigo IBGE;3534609;4;46649132
2022;Codigo IBGE;3534708;9;46649132
2022;Codigo IBGE;3534757;1;46649132
2022;Codigo IBGE;3534807;1;46649132
2022;Codigo IBGE;3534906;4;46649132
2022;Codigo IBGE;3535002;4;46649132
2022;Codigo IBGE;3535101;3;46649132
2022;Codigo IBGE;3535309;4;46649132
2022;Codigo IBGE;3535408;4;46649132
2022;Codigo IBGE;3535507;9;46649132
2022;Codigo IBGE;3535606;8;46649132
2022;Codigo IBGE;3535804;7;46649132
2022;Codigo IBGE;3536000;6;46649132
2022;Codigo IBGE;3536109;2;46649132
2022;Codigo IBGE;3536208;10;46649132
2022;Codigo IBGE;3536307;2;46649132
2022;Codigo IBGE;3536406;2;46649132
2022;Codigo IBGE;3536505;9;46649132
2022;Codigo IBGE;3536604;3;46649132
2022;Codigo IBGE;3536703;8;46649132
2022;Codigo IBGE;3536802;2;46649132
2022;Codigo IBGE;3537008;4;46649132
2022;Codigo IBGE;3537107;2;46649132
2022;Codigo IBGE;3537206;4;46649132
2022;Codigo IBGE;3537305;11;46649132
2022;Codigo IBGE;3537404;8;46649132
2022;Codigo IBGE;3537503;1;46649132
2022;Codigo IBGE;3537602;15;46649132
2022;Codigo IBGE;3537800;11;46649132
2022;Codigo IBGE;3537909;10;46649132
2022;Codigo IBGE;3538006;21;46649132
2022;Codigo IBGE;3538105;2;46649132
2022;Codigo IBGE;3538204;10;46649132
2022;Codigo IBGE;3538600;7;46649132
2022;Codigo IBGE;3538709;57;46649132
2022;Codigo IBGE;3538808;7;46649132
2022;Codigo IBGE;3539004;2;46649132
2022;Codigo IBGE;3539103;4;46649132
2022;Codigo IBGE;3539202;2;46649132
2022;Codigo IBGE;3539301;11;46649132
2022;Codigo IBGE;3539400;5;46649132
2022;Codigo IBGE;3539509;3;46649132
2022;Codigo IBGE;3539608;1;46649132
2022;Codigo IBGE;3539707;1;46649132
2022;Codigo IBGE;3539806;5;46649132
2022;Codigo IBGE;3539905;5;46649132
2022;Codigo IBGE;3540002;3;46649132
2022;Codigo IBGE;3540101;2;46649132
2022;Codigo IBGE;3540200;2;46649132
2022;Codigo IBGE;3540408;1;46649132
2022;Codigo IBGE;3540507;5;46649132
2022;Codigo IBGE;3540606;11;46649132
2022;Codigo IBGE;3540705;10;46649132
2022;Codigo IBGE;3540804;1;46649132
2022;Codigo IBGE;3540903;5;46649132
2022;Codigo IBGE;3541000;43;46649132
2022;Codigo IBGE;3541208;2;46649132
2022;Codigo IBGE;3541307;6;46649132
2022;Codigo IBGE;3541406;23;46649132
2022;Codigo IBGE;3541505;6;46649132
2022;Codigo IBGE;3541604;8;46649132
2022;Codigo IBGE;3541653;1;46649132
2022;Codigo IBGE;3541703;2;46649132
2022;Codigo IBGE;3541901;1;46649132
2022;Codigo IBGE;3542008;2;46649132
2022;Codigo IBGE;3542206;6;46649132
2022;Codigo IBGE;3542305;1;46649132
2022;Codigo IBGE;3542404;5;46649132
2022;Codigo IBGE;3542602;21;46649132
2022;Codigo IBGE;3542800;2;46649132
2022;Codigo IBGE;3542909;3;46649132
2022;Codigo IBGE;3543006;5;46649132
2022;Codigo IBGE;3543303;11;46649132
2022;Codigo IBGE;3543402;101;46649132
2022;Codigo IBGE;3543709;2;46649132
2022;Codigo IBGE;3543808;3;46649132
2022;Codigo IBGE;3543907;28;46649132
2022;Codigo IBGE;3544004;3;46649132
2022;Codigo IBGE;3544103;1;46649132
2022;Codigo IBGE;3544202;2;46649132
2022;Codigo IBGE;3544251;2;46649132
2022;Codigo IBGE;3544301;3;46649132
2022;Codigo IBGE;3544806;1;46649132
2022;Codigo IBGE;3544905;2;46649132
2022;Codigo IBGE;3545001;7;46649132
2022;Codigo IBGE;3545159;1;46649132
2022;Codigo IBGE;3545209;13;46649132
2022;Codigo IBGE;3545308;10;46649132
2022;Codigo IBGE;3545407;2;46649132
2022;Codigo IBGE;3545605;5;46649132
2022;Codigo IBGE;3545803;21;46649132
2022;Codigo IBGE;3546207;1;46649132
2022;Codigo IBGE;3546306;4;46649132
2022;Codigo IBGE;3546405;9;46649132
2022;Codigo IBGE;3546504;2;46649132
2022;Codigo IBGE;3546603;5;46649132
2022;Codigo IBGE;3546702;6;46649132
2022;Codigo IBGE;3546801;11;46649132
2022;Codigo IBGE;3546900;3;46649132
2022;Codigo IBGE;3547007;1;46649132
2022;Codigo IBGE;3547304;16;46649132
2022;Codigo IBGE;3547502;5;46649132
2022;Codigo IBGE;3547601;1;46649132
2022;Codigo IBGE;3547700;1;46649132
2022;Codigo IBGE;3547809;49;46649132
2022;Codigo IBGE;3548005;2;46649132
2022;Codigo IBGE;3548054;7;46649132
2022;Codigo IBGE;3548104;4;46649132
2022;Codigo IBGE;3548302;1;46649132
2022;Codigo IBGE;3548500;40;46649132
2022;Codigo IBGE;3548708;89;46649132
2022;Codigo IBGE;3548807;4;46649132
2022;Codigo IBGE;3548906;27;46649132
2022;Codigo IBGE;3549102;19;46649132
2022;Codigo IBGE;3549409;6;46649132
2022;Codigo IBGE;3549508;3;46649132
2022;Codigo IBGE;3549706;6;46649132
2022;Codigo IBGE;3549805;59;46649132
2022;Codigo IBGE;3549904;69;46649132
2022;Codigo IBGE;3549953;4;46649132
2022;Codigo IBGE;3550001;3;46649132
2022;Codigo IBGE;3550100;11;46649132
2022;Codigo IBGE;3550209;4;46649132
2022;Codigo IBGE;3550308;866;46649132
2022;Codigo IBGE;3550407;9;46649132
2022;Codigo IBGE;3550506;3;46649132
2022;Codigo IBGE;3550605;11;46649132
2022;Codigo IBGE;3550704;11;46649132
2022;Codigo IBGE;3550902;4;46649132
2022;Codigo IBGE;3551009;41;46649132
2022;Codigo IBGE;3551108;1;46649132
2022;Codigo IBGE;3551405;6;46649132
2022;Codigo IBGE;3551504;6;46649132
2022;Codigo IBGE;3551603;7;46649132
2022;Codigo IBGE;3551702;15;46649132
2022;Codigo IBGE;3551801;6;46649132
2022;Codigo IBGE;3551900;1;46649132
2022;Codigo IBGE;3552007;2;46649132
2022;Codigo IBGE;3552106;5;46649132
2022;Codigo IBGE;3552205;92;46649132
2022;Codigo IBGE;3552403;34;46649132
2022;Codigo IBGE;3552502;17;46649132
2022;Codigo IBGE;3552551;1;46649132
2022;Codigo IBGE;3552601;2;46649132
2022;Codigo IBGE;3552700;1;46649132
2022;Codigo IBGE;3552809;22;46649132
2022;Codigo IBGE;3552908;1;46649132
2022;Codigo IBGE;3553005;1;46649132
2022;Codigo IBGE;3553302;2;46649132
2022;Codigo IBGE;3553401;6;46649132
2022;Codigo IBGE;3553500;3;46649132
2022;Codigo IBGE;3553609;1;46649132
2022;Codigo IBGE;3553658;4;46649132
2022;Codigo IBGE;3553708;12;46649132
2022;Codigo IBGE;3553807;4;46649132
2022;Codigo IBGE;3553955;4;46649132
2022;Codigo IBGE;3554003;21;46649132
2022;Codigo IBGE;3554102;43;46649132
2022;Codigo IBGE;3554201;2;46649132
2022;Codigo IBGE;3554300;5;46649132
2022;Codigo IBGE;3554409;1;46649132
2022;Codigo IBGE;3554508;10;46649132
2022;Codigo IBGE;3554706;2;46649132
2022;Codigo IBGE;3554755;1;46649132
2022;Codigo IBGE;3554805;3;46649132
2022;Codigo IBGE;3554904;3;46649132
2022;Codigo IBGE;3554953;2;46649132
2022;Codigo IBGE;3555000;11;46649132
2022;Codigo IBGE;3555109;1;46649132
2022;Codigo IBGE;3555208;1;46649132
2022;Codigo IBGE;3555307;3;46649132
2022;Codigo IBGE;3555406;20;46649132
2022;Codigo IBGE;3555604;3;46649132
2022;Codigo IBGE;3555703;1;46649132
2022;Codigo IBGE;3555802;3;46649132
2022;Codigo IBGE;3556008;4;46649132
2022;Codigo IBGE;3556107;8;46649132
2022;Codigo IBGE;3556206;24;46649132
2022;Codigo IBGE;3556354;2;46649132
2022;Codigo IBGE;3556404;5;46649132
2022;Codigo IBGE;3556453;11;46649132
2022;Codigo IBGE;3556503;7;46649132
2022;Codigo IBGE;3556602;1;46649132
2022;Codigo IBGE;3556701;11;46649132
2022;Codigo IBGE;3556800;2;46649132
2022;Codigo IBGE;3556909;2;46649132
2022;Codigo IBGE;3556958;4;46649132
2022;Codigo IBGE;3557006;7;46649132
2022;Codigo IBGE;3557105;21;46649132
2022;Codigo IBGE;3557204;3;46649132
2023;Codigo IBGE;3500105;1;46311163
2023;Codigo IBGE;3500204;1;46311163
2023;Codigo IBGE;3500303;2;46311163
2023;Codigo IBGE;3500402;3;46311163
2023;Codigo IBGE;3500501;4;46311163
2023;Codigo IBGE;3500550;4;46311163
2023;Codigo IBGE;3500600;2;46311163
2023;Codigo IBGE;3500709;8;46311163
2023;Codigo IBGE;3500758;1;46311163
2023;Codigo IBGE;3501004;2;46311163
2023;Codigo IBGE;3501103;2;46311163
2023;Codigo IBGE;3501152;6;46311163
2023;Codigo IBGE;3501202;2;46311163
2023;Codigo IBGE;3501301;2;46311163
2023;Codigo IBGE;3501400;1;46311163
2023;Codigo IBGE;3501509;1;46311163
2023;Codigo IBGE;3501608;24;46311163
2023;Codigo IBGE;3501707;2;46311163
2023;Codigo IBGE;3501806;2;46311163
2023;Codigo IBGE;3501905;14;46311163
2023;Codigo IBGE;3502101;6;46311163
2023;Codigo IBGE;3502200;3;46311163
2023;Codigo IBGE;3502309;1;46311163
2023;Codigo IBGE;3502408;2;46311163
2023;Codigo IBGE;3502507;11;46311163
2023;Codigo IBGE;3502705;4;46311163
2023;Codigo IBGE;3502754;5;46311163
2023;Codigo IBGE;3502804;25;46311163
2023;Codigo IBGE;3502903;7;46311163
2023;Codigo IBGE;3503000;2;46311163
2023;Codigo IBGE;3503109;1;46311163
2023;Codigo IBGE;3503208;26;46311163
2023;Codigo IBGE;3503307;20;46311163
2023;Codigo IBGE;3503356;1;46311163
2023;Codigo IBGE;3503406;1;46311163
2023;Codigo IBGE;3503703;2;46311163
2023;Codigo IBGE;3503802;10;46311163
2023;Codigo IBGE;3503901;8;46311163
2023;Codigo IBGE;3504008;16;46311163
2023;Codigo IBGE;3504107;29;46311163
2023;Codigo IBGE;3504206;4;46311163
2023;Codigo IBGE;3504404;1;46311163
2023;Codigo IBGE;3504503;13;46311163
2023;Codigo IBGE;3504602;7;46311163
2023;Codigo IBGE;3504800;1;46311163
2023;Codigo IBGE;3504909;1;46311163
2023;Codigo IBGE;3505005;2;46311163
2023;Codigo IBGE;3505104;5;46311163
2023;Codigo IBGE;3505203;4;46311163
2023;Codigo IBGE;3505302;4;46311163
2023;Codigo IBGE;3505401;8;46311163
2023;Codigo IBGE;3505500;17;46311163
2023;Codigo IBGE;3505609;2;46311163
2023;Codigo IBGE;3505708;38;46311163
2023;Codigo IBGE;3505807;3;46311163
2023;Codigo IBGE;3505906;11;46311163
2023;Codigo IBGE;3506003;37;46311163
2023;Codigo IBGE;3506102;12;46311163
2023;Codigo IBGE;3506201;1;46311163
2023;Codigo IBGE;3506300;2;46311163
2023;Codigo IBGE;3506359;30;46311163
2023;Codigo IBGE;3506409;2;46311163
2023;Codigo IBGE;3506508;25;46311163
2023;Codigo IBGE;3506607;2;46311163
2023;Codigo IBGE;3506706;6;46311163
2023;Codigo IBGE;3506805;3;46311163
2023;Codigo IBGE;3506904;10;46311163
2023;Codigo IBGE;3507001;6;46311163
2023;Codigo IBGE;3507100;3;46311163
2023;Codigo IBGE;3507159;5;46311163
2023;Codigo IBGE;3507209;1;46311163
2023;Codigo IBGE;3507407;1;46311163
2023;Codigo IBGE;3507506;16;46311163
2023;Codigo IBGE;3507605;43;46311163
2023;Codigo IBGE;3507803;2;46311163
2023;Codigo IBGE;3507902;4;46311163
2023;Codigo IBGE;3508009;3;46311163
2023;Codigo IBGE;3508108;2;46311163
2023;Codigo IBGE;3508306;1;46311163
2023;Codigo IBGE;3508405;6;46311163
2023;Codigo IBGE;3508504;13;46311163
2023;Codigo IBGE;3508603;3;46311163
2023;Codigo IBGE;3508702;4;46311163
2023;Codigo IBGE;3508801;3;46311163
2023;Codigo IBGE;3508900;3;46311163
2023;Codigo IBGE;3509007;9;46311163
2023;Codigo IBGE;3509106;1;46311163
2023;Codigo IBGE;3509205;12;46311163
2023;Codigo IBGE;3509254;16;46311163
2023;Codigo IBGE;3509304;1;46311163
2023;Codigo IBGE;3509403;3;46311163
2023;Codigo IBGE;3509452;1;46311163
2023;Codigo IBGE;3509502;154;46311163
2023;Codigo IBGE;3509601;13;46311163
2023;Codigo IBGE;3509700;9;46311163
2023;Codigo IBGE;3509809;5;46311163
2023;Codigo IBGE;3509908;1;46311163
2023;Codigo IBGE;3509957;1;46311163
2023;Codigo IBGE;3510005;2;46311163
2023;Codigo IBGE;3510203;14;46311163
2023;Codigo IBGE;3510302;7;46311163
2023;Codigo IBGE;3510401;6;46311163
2023;Codigo IBGE;3510500;16;46311163
2023;Codigo IBGE;3510609;15;46311163
2023;Codigo IBGE;3510708;1;46311163
2023;Codigo IBGE;3510807;15;46311163
2023;Codigo IBGE;3510906;1;46311163
2023;Codigo IBGE;3511003;2;46311163
2023;Codigo IBGE;3511102;23;46311163
2023;Codigo IBGE;3511300;4;46311163
2023;Codigo IBGE;3511409;2;46311163
2023;Codigo IBGE;3511508;3;46311163
2023;Codigo IBGE;3511607;5;46311163
2023;Codigo IBGE;3511706;4;46311163
2023;Codigo IBGE;3511904;3;46311163
2023;Codigo IBGE;3512001;2;46311163
2023;Codigo IBGE;3512209;5;46311163
2023;Codigo IBGE;3512308;1;46311163
2023;Codigo IBGE;3512407;12;46311163
2023;Codigo IBGE;3512704;1;46311163
2023;Codigo IBGE;3512803;10;46311163
2023;Codigo IBGE;3512902;5;46311163
2023;Codigo IBGE;3513009;41;46311163
2023;Codigo IBGE;3513108;3;46311163
2023;Codigo IBGE;3513207;1;46311163
2023;Codigo IBGE;3513306;2;46311163
2023;Codigo IBGE;3513405;2;46311163
2023;Codigo IBGE;3513504;33;46311163
2023;Codigo IBGE;3513603;8;46311163
2023;Codigo IBGE;3513702;3;46311163
2023;Codigo IBGE;3513801;40;46311163
2023;Codigo IBGE;3513900;1;46311163
2023;Codigo IBGE;3514007;1;46311163
2023;Codigo IBGE;3514106;4;46311163
2023;Codigo IBGE;3514403;5;46311163
2023;Codigo IBGE;3514601;1;46311163
2023;Codigo IBGE;3514700;2;46311163
2023;Codigo IBGE;3514809;3;46311163
2023;Codigo IBGE;3514908;3;46311163
2023;Codigo IBGE;3514924;3;46311163
2023;Codigo IBGE;3514957;1;46311163
2023;Codigo IBGE;3515004;19;46311163
2023;Codigo IBGE;3515103;3;46311163
2023;Codigo IBGE;3515152;3;46311163
2023;Codigo IBGE;3515186;8;46311163
2023;Codigo IBGE;3515194;2;46311163
2023;Codigo IBGE;3515202;1;46311163
2023;Codigo IBGE;3515301;5;46311163
2023;Codigo IBGE;3515350;5;46311163
2023;Codigo IBGE;3515400;1;46311163
2023;Codigo IBGE;3515509;9;46311163
2023;Codigo IBGE;3515608;1;46311163
2023;Codigo IBGE;3515657;1;46311163
2023;Codigo IBGE;3515707;4;46311163
2023;Codigo IBGE;3515905;1;46311163
2023;Codigo IBGE;3516002;4;46311163
2023;Codigo IBGE;3516101;1;46311163
2023;Codigo IBGE;3516200;31;46311163
2023;Codigo IBGE;3516309;6;46311163
2023;Codigo IBGE;3516408;20;46311163
2023;Codigo IBGE;3516606;1;46311163
2023;Codigo IBGE;3516705;3;46311163
2023;Codigo IBGE;3516853;2;46311163
2023;Codigo IBGE;3516903;2;46311163
2023;Codigo IBGE;3517109;2;46311163
2023;Codigo IBGE;3517208;4;46311163
2023;Codigo IBGE;3517406;5;46311163
2023;Codigo IBGE;3517505;4;46311163
2023;Codigo IBGE;3517604;4;46311163
2023;Codigo IBGE;3517703;2;46311163
2023;Codigo IBGE;3517901;4;46311163
2023;Codigo IBGE;3518107;1;46311163
2023;Codigo IBGE;3518206;2;46311163
2023;Codigo IBGE;3518305;5;46311163
2023;Codigo IBGE;3518404;13;46311163
2023;Codigo IBGE;3518503;1;46311163
2023;Codigo IBGE;3518602;7;46311163
2023;Codigo IBGE;3518701;25;46311163
2023;Codigo IBGE;3518800;136;46311163
2023;Codigo IBGE;3518859;12;46311163
2023;Codigo IBGE;3518909;1;46311163
2023;Codigo IBGE;3519006;3;46311163
2023;Codigo IBGE;3519055;3;46311163
2023;Codigo IBGE;3519071;22;46311163
2023;Codigo IBGE;3519105;6;46311163
2023;Codigo IBGE;3519204;1;46311163
2023;Codigo IBGE;3519303;3;46311163
2023;Codigo IBGE;3519402;2;46311163
2023;Codigo IBGE;3519501;3;46311163
2023;Codigo IBGE;3519600;12;46311163
2023;Codigo IBGE;3519709;15;46311163
2023;Codigo IBGE;3519808;10;46311163
2023;Codigo IBGE;3519907;1;46311163
2023;Codigo IBGE;3520004;7;46311163
2023;Codigo IBGE;3520202;5;46311163
2023;Codigo IBGE;3520301;7;46311163
2023;Codigo IBGE;3520400;1;46311163
2023;Codigo IBGE;3520442;8;46311163
2023;Codigo IBGE;3520509;30;46311163
2023;Codigo IBGE;3520608;3;46311163
2023;Codigo IBGE;3520707;1;46311163
2023;Codigo IBGE;3520905;2;46311163
2023;Codigo IBGE;3521002;3;46311163
2023;Codigo IBGE;3521150;2;46311163
2023;Codigo IBGE;3521309;2;46311163
2023;Codigo IBGE;3521408;2;46311163
2023;Codigo IBGE;3521507;4;46311163
2023;Codigo IBGE;3521705;2;46311163
2023;Codigo IBGE;3521804;6;46311163
2023;Codigo IBGE;3521903;5;46311163
2023;Codigo IBGE;3522000;1;46311163
2023;Codigo IBGE;3522109;25;46311163
2023;Codigo IBGE;3522208;24;46311163
2023;Codigo IBGE;3522307;27;46311163
2023;Codigo IBGE;3522406;9;46311163
2023;Codigo IBGE;3522505;20;46311163
2023;Codigo IBGE;3522604;18;46311163
2023;Codigo IBGE;3522703;13;46311163
2023;Codigo IBGE;3522901;3;46311163
2023;Codigo IBGE;3523008;1;46311163
2023;Codigo IBGE;3523107;50;46311163
2023;Codigo IBGE;3523206;4;46311163
2023;Codigo IBGE;3523305;3;46311163
2023;Codigo IBGE;3523404;15;46311163
2023;Codigo IBGE;3523503;3;46311163
2023;Codigo IBGE;3523602;2;46311163
2023;Codigo IBGE;3523701;1;46311163
2023;Codigo IBGE;3523800;1;46311163
2023;Codigo IBGE;3523909;29;46311163
2023;Codigo IBGE;3524006;16;46311163
2023;Codigo IBGE;3524105;11;46311163
2023;Codigo IBGE;3524303;14;46311163
2023;Codigo IBGE;3524402;33;46311163
2023;Codigo IBGE;3524600;2;46311163
2023;Codigo IBGE;3524709;10;46311163
2023;Codigo IBGE;3524808;4;46311163
2023;Codigo IBGE;3524907;2;46311163
2023;Codigo IBGE;3525003;4;46311163
2023;Codigo IBGE;3525102;9;46311163
2023;Codigo IBGE;3525201;9;46311163
2023;Codigo IBGE;3525300;23;46311163
2023;Codigo IBGE;3525409;1;46311163
2023;Codigo IBGE;3525508;4;46311163
2023;Codigo IBGE;3525607;1;46311163
2023;Codigo IBGE;3525706;10;46311163
2023;Codigo IBGE;3525805;1;46311163
2023;Codigo IBGE;3525854;4;46311163
2023;Codigo IBGE;3525904;62;46311163
2023;Codigo IBGE;3526001;2;46311163
2023;Codigo IBGE;3526100;4;46311163
2023;Codigo IBGE;3526209;8;46311163
2023;Codigo IBGE;3526407;11;46311163
2023;Codigo IBGE;3526506;2;46311163
2023;Codigo IBGE;3526605;3;46311163
2023;Codigo IBGE;3526704;9;46311163
2023;Codigo IBGE;3526803;10;46311163
2023;Codigo IBGE;3526902;54;46311163
2023;Codigo IBGE;3527108;8;46311163
2023;Codigo IBGE;3527207;11;46311163
2023;Codigo IBGE;3527306;7;46311163
2023;Codigo IBGE;3527405;2;46311163
2023;Codigo IBGE;3527603;1;46311163
2023;Codigo IBGE;3527801;1;46311163
2023;Codigo IBGE;3527900;1;46311163
2023;Codigo IBGE;3528007;6;46311163
2023;Codigo IBGE;3528106;2;46311163
2023;Codigo IBGE;3528403;7;46311163
2023;Codigo IBGE;3528502;9;46311163
2023;Codigo IBGE;3528601;3;46311163
2023;Codigo IBGE;3528700;4;46311163
2023;Codigo IBGE;3528809;1;46311163
2023;Codigo IBGE;3529005;32;46311163
2023;Codigo IBGE;3529104;1;46311163
2023;Codigo IBGE;3529203;10;46311163
2023;Codigo IBGE;3529302;13;46311163
2023;Codigo IBGE;3529401;23;46311163
2023;Codigo IBGE;3529500;3;46311163
2023;Codigo IBGE;3529609;1;46311163
2023;Codigo IBGE;3529658;1;46311163
2023;Codigo IBGE;3529708;3;46311163
2023;Codigo IBGE;3529906;11;46311163
2023;Codigo IBGE;3530102;4;46311163
2023;Codigo IBGE;3530201;3;46311163
2023;Codigo IBGE;3530300;10;46311163
2023;Codigo IBGE;3530508;11;46311163
2023;Codigo IBGE;3530607;52;46311163
2023;Codigo IBGE;3530706;18;46311163
2023;Codigo IBGE;3530805;21;46311163
2023;Codigo IBGE;3530904;1;46311163
2023;Codigo IBGE;3531001;1;46311163
2023;Codigo IBGE;3531100;13;46311163
2023;Codigo IBGE;3531308;13;46311163
2023;Codigo IBGE;3531407;4;46311163
2023;Codigo IBGE;3531506;3;46311163
2023;Codigo IBGE;3531605;2;46311163
2023;Codigo IBGE;3531803;6;46311163
2023;Codigo IBGE;3531902;3;46311163
2023;Codigo IBGE;3532306;4;46311163
2023;Codigo IBGE;3532405;6;46311163
2023;Codigo IBGE;3532504;1;46311163
2023;Codigo IBGE;3532603;3;46311163
2023;Codigo IBGE;3532702;1;46311163
2023;Codigo IBGE;3532801;1;46311163
2023;Codigo IBGE;3532827;1;46311163
2023;Codigo IBGE;3532900;4;46311163
2023;Codigo IBGE;3533007;3;46311163
2023;Codigo IBGE;3533254;1;46311163
2023;Codigo IBGE;3533304;1;46311163
2023;Codigo IBGE;3533403;3;46311163
2023;Codigo IBGE;3533502;4;46311163
2023;Codigo IBGE;3533601;2;46311163
2023;Codigo IBGE;3533700;5;46311163
2023;Codigo IBGE;3533908;10;46311163
2023;Codigo IBGE;3534005;3;46311163
2023;Codigo IBGE;3534203;2;46311163
2023;Codigo IBGE;3534302;13;46311163
2023;Codigo IBGE;3534401;62;46311163
2023;Codigo IBGE;3534500;1;46311163
2023;Codigo IBGE;3534609;1;46311163
2023;Codigo IBGE;3534708;15;46311163
2023;Codigo IBGE;3534906;3;46311163
2023;Codigo IBGE;3535002;3;46311163
2023;Codigo IBGE;3535101;2;46311163
2023;Codigo IBGE;3535200;1;46311163
2023;Codigo IBGE;3535309;5;46311163
2023;Codigo IBGE;3535408;3;46311163
2023;Codigo IBGE;3535507;7;46311163
2023;Codigo IBGE;3535606;2;46311163
2023;Codigo IBGE;3535804;7;46311163
2023;Codigo IBGE;3536000;8;46311163
2023;Codigo IBGE;3536109;1;46311163
2023;Codigo IBGE;3536208;3;46311163
2023;Codigo IBGE;3536307;4;46311163
2023;Codigo IBGE;3536505;13;46311163
2023;Codigo IBGE;3536703;7;46311163
2023;Codigo IBGE;3536802;2;46311163
2023;Codigo IBGE;3536901;2;46311163
2023;Codigo IBGE;3537008;8;46311163
2023;Codigo IBGE;3537107;4;46311163
2023;Codigo IBGE;3537305;8;46311163
2023;Codigo IBGE;3537404;8;46311163
2023;Codigo IBGE;3537503;1;46311163
2023;Codigo IBGE;3537602;13;46311163
2023;Codigo IBGE;3537800;16;46311163
2023;Codigo IBGE;3537909;6;46311163
2023;Codigo IBGE;3538006;29;46311163
2023;Codigo IBGE;3538105;5;46311163
2023;Codigo IBGE;3538204;4;46311163
2023;Codigo IBGE;3538303;1;46311163
2023;Codigo IBGE;3538501;2;46311163
2023;Codigo IBGE;3538600;6;46311163
2023;Codigo IBGE;3538709;60;46311163
2023;Codigo IBGE;3538808;5;46311163
2023;Codigo IBGE;3538907;4;46311163
2023;Codigo IBGE;3539004;1;46311163
2023;Codigo IBGE;3539103;3;46311163
2023;Codigo IBGE;3539202;6;46311163
2023;Codigo IBGE;3539301;12;46311163
2023;Codigo IBGE;3539400;2;46311163
2023;Codigo IBGE;3539509;3;46311163
2023;Codigo IBGE;3539608;2;46311163
2023;Codigo IBGE;3539707;2;46311163
2023;Codigo IBGE;3539806;5;46311163
2023;Codigo IBGE;3539905;1;46311163
2023;Codigo IBGE;3540002;1;46311163
2023;Codigo IBGE;3540101;1;46311163
2023;Codigo IBGE;3540200;8;46311163
2023;Codigo IBGE;3540259;1;46311163
2023;Codigo IBGE;3540408;1;46311163
2023;Codigo IBGE;3540507;5;46311163
2023;Codigo IBGE;3540606;13;46311163
2023;Codigo IBGE;3540705;11;46311163
2023;Codigo IBGE;3540754;2;46311163
2023;Codigo IBGE;3540804;2;46311163
2023;Codigo IBGE;3540903;8;46311163
2023;Codigo IBGE;3541000;49;46311163
2023;Codigo IBGE;3541059;1;46311163
2023;Codigo IBGE;3541208;1;46311163
2023;Codigo IBGE;3541307;12;46311163
2023;Codigo IBGE;3541406;20;46311163
2023;Codigo IBGE;3541505;6;46311163
2023;Codigo IBGE;3541604;3;46311163
2023;Codigo IBGE;3541653;1;46311163
2023;Codigo IBGE;3541703;2;46311163
2023;Codigo IBGE;3541901;2;46311163
2023;Codigo IBGE;3542008;2;46311163
2023;Codigo IBGE;3542206;8;46311163
2023;Codigo IBGE;3542305;1;46311163
2023;Codigo IBGE;3542404;7;46311163
2023;Codigo IBGE;3542503;1;46311163
2023;Codigo IBGE;3542602;20;46311163
2023;Codigo IBGE;3542701;1;46311163
2023;Codigo IBGE;3542800;4;46311163
2023;Codigo IBGE;3543006;2;46311163
2023;Codigo IBGE;3543204;1;46311163
2023;Codigo IBGE;3543303;14;46311163
2023;Codigo IBGE;3543402;84;46311163
2023;Codigo IBGE;3543501;2;46311163
2023;Codigo IBGE;3543600;4;46311163
2023;Codigo IBGE;3543808;6;46311163
2023;Codigo IBGE;3543907;26;46311163
2023;Codigo IBGE;3544004;3;46311163
2023;Codigo IBGE;3544103;1;46311163
2023;Codigo IBGE;3544202;6;46311163
2023;Codigo IBGE;3544251;3;46311163
2023;Codigo IBGE;3544301;1;46311163
2023;Codigo IBGE;3544707;1;46311163
2023;Codigo IBGE;3544806;1;46311163
2023;Codigo IBGE;3544905;3;46311163
2023;Codigo IBGE;3545001;3;46311163
2023;Codigo IBGE;3545159;1;46311163
2023;Codigo IBGE;3545209;23;46311163
2023;Codigo IBGE;3545308;11;46311163
2023;Codigo IBGE;3545407;3;46311163
2023;Codigo IBGE;3545506;2;46311163
2023;Codigo IBGE;3545605;4;46311163
2023;Codigo IBGE;3545803;18;46311163
2023;Codigo IBGE;3546009;1;46311163
2023;Codigo IBGE;3546256;2;46311163
2023;Codigo IBGE;3546306;4;46311163
2023;Codigo IBGE;3546405;7;46311163
2023;Codigo IBGE;3546504;1;46311163
2023;Codigo IBGE;3546603;7;46311163
2023;Codigo IBGE;3546702;6;46311163
2023;Codigo IBGE;3546801;16;46311163
2023;Codigo IBGE;3546900;1;46311163
2023;Codigo IBGE;3547007;3;46311163
2023;Codigo IBGE;3547304;7;46311163
2023;Codigo IBGE;3547502;5;46311163
2023;Codigo IBGE;3547601;3;46311163
2023;Codigo IBGE;3547700;1;46311163
2023;Codigo IBGE;3547809;57;46311163
2023;Codigo IBGE;3547908;3;46311163
2023;Codigo IBGE;3548005;7;46311163
2023;Codigo IBGE;3548054;2;46311163
2023;Codigo IBGE;3548104;3;46311163
2023;Codigo IBGE;3548203;6;46311163
2023;Codigo IBGE;3548500;40;46311163
2023;Codigo IBGE;3548708;114;46311163
2023;Codigo IBGE;3548807;5;46311163
2023;Codigo IBGE;3548906;35;46311163
2023;Codigo IBGE;3549102;11;46311163
2023;Codigo IBGE;3549409;4;46311163
2023;Codigo IBGE;3549508;1;46311163
2023;Codigo IBGE;3549706;9;46311163
2023;Codigo IBGE;3549805;61;46311163
2023;Codigo IBGE;3549904;77;46311163
2023;Codigo IBGE;3549953;12;46311163
2023;Codigo IBGE;3550001;3;46311163
2023;Codigo IBGE;3550100;6;46311163
2023;Codigo IBGE;3550209;7;46311163
2023;Codigo IBGE;3550308;931;46311163
2023;Codigo IBGE;3550407;7;46311163
2023;Codigo IBGE;3550506;1;46311163
2023;Codigo IBGE;3550605;11;46311163
2023;Codigo IBGE;3550704;22;46311163
2023;Codigo IBGE;3550803;4;46311163
2023;Codigo IBGE;3550902;5;46311163
2023;Codigo IBGE;3551009;38;46311163
2023;Codigo IBGE;3551108;3;46311163
2023;Codigo IBGE;3551207;2;46311163
2023;Codigo IBGE;3551504;5;46311163
2023;Codigo IBGE;3551603;3;46311163
2023;Codigo IBGE;3551702;19;46311163
2023;Codigo IBGE;3551801;2;46311163
2023;Codigo IBGE;3551900;2;46311163
2023;Codigo IBGE;3552007;2;46311163
2023;Codigo IBGE;3552106;10;46311163
2023;Codigo IBGE;3552205;93;46311163
2023;Codigo IBGE;3552304;1;46311163
2023;Codigo IBGE;3552403;35;46311163
2023;Codigo IBGE;3552502;32;46311163
2023;Codigo IBGE;3552551;2;46311163
2023;Codigo IBGE;3552601;3;46311163
2023;Codigo IBGE;3552700;2;46311163
2023;Codigo IBGE;3552809;16;46311163
2023;Codigo IBGE;3552908;2;46311163
2023;Codigo IBGE;3553005;2;46311163
2023;Codigo IBGE;3553104;1;46311163
2023;Codigo IBGE;3553203;1;46311163
2023;Codigo IBGE;3553302;2;46311163
2023;Codigo IBGE;3553401;10;46311163
2023;Codigo IBGE;3553500;1;46311163
2023;Codigo IBGE;3553609;2;46311163
2023;Codigo IBGE;3553658;1;46311163
2023;Codigo IBGE;3553708;10;46311163
2023;Codigo IBGE;3553807;6;46311163
2023;Codigo IBGE;3553856;2;46311163
2023;Codigo IBGE;3553955;3;46311163
2023;Codigo IBGE;3554003;18;46311163
2023;Codigo IBGE;3554102;38;46311163
2023;Codigo IBGE;3554201;1;46311163
2023;Codigo IBGE;3554300;2;46311163
2023;Codigo IBGE;3554409;3;46311163
2023;Codigo IBGE;3554508;9;46311163
2023;Codigo IBGE;3554607;1;46311163
2023;Codigo IBGE;3554706;4;46311163
2023;Codigo IBGE;3554805;6;46311163
2023;Codigo IBGE;3554904;3;46311163
2023;Codigo IBGE;3554953;1;46311163
2023;Codigo IBGE;3555000;12;46311163
2023;Codigo IBGE;3555356;2;46311163
2023;Codigo IBGE;3555406;20;46311163
2023;Codigo IBGE;3555604;3;46311163
2023;Codigo IBGE;3555802;2;46311163
2023;Codigo IBGE;3556008;4;46311163
2023;Codigo IBGE;3556107;1;46311163
2023;Codigo IBGE;3556206;26;46311163
2023;Codigo IBGE;3556305;2;46311163
2023;Codigo IBGE;3556354;1;46311163
2023;Codigo IBGE;3556404;7;46311163
2023;Codigo IBGE;3556453;1;46311163
2023;Codigo IBGE;3556503;10;46311163
2023;Codigo IBGE;3556602;3;46311163
2023;Codigo IBGE;3556701;3;46311163
2023;Codigo IBGE;3556800;1;46311163
2023;Codigo IBGE;3556909;1;46311163
2023;Codigo IBGE;3556958;1;46311163
2023;Codigo IBGE;3557006;11;46311163
2023;Codigo IBGE;3557105;9;46311163
2023;Codigo IBGE;3557154;1;46311163
2024;Codigo IBGE;3500105;6;45973194
2024;Codigo IBGE;3500303;3;45973194
2024;Codigo IBGE;3500402;3;45973194
2024;Codigo IBGE;3500501;3;45973194
2024;Codigo IBGE;3500550;1;45973194
2024;Codigo IBGE;3500709;3;45973194
2024;Codigo IBGE;3500758;2;45973194
2024;Codigo IBGE;3501004;7;45973194
2024;Codigo IBGE;3501103;1;45973194
2024;Codigo IBGE;3501152;7;45973194
2024;Codigo IBGE;3501202;1;45973194
2024;Codigo IBGE;3501301;3;45973194
2024;Codigo IBGE;3501400;1;45973194
2024;Codigo IBGE;3501608;30;45973194
2024;Codigo IBGE;3501707;4;45973194
2024;Codigo IBGE;3501806;1;45973194
2024;Codigo IBGE;3501905;16;45973194
2024;Codigo IBGE;3502002;1;45973194
2024;Codigo IBGE;3502101;11;45973194
2024;Codigo IBGE;3502200;14;45973194
2024;Codigo IBGE;3502309;1;45973194
2024;Codigo IBGE;3502507;3;45973194
2024;Codigo IBGE;3502606;1;45973194
2024;Codigo IBGE;3502705;9;45973194
2024;Codigo IBGE;3502754;14;45973194
2024;Codigo IBGE;3502804;37;45973194
2024;Codigo IBGE;3502903;10;45973194
2024;Codigo IBGE;3503000;2;45973194
2024;Codigo IBGE;3503109;1;45973194
2024;Codigo IBGE;3503208;26;45973194
2024;Codigo IBGE;3503307;10;45973194
2024;Codigo IBGE;3503406;1;45973194
2024;Codigo IBGE;3503505;1;45973194
2024;Codigo IBGE;3503604;1;45973194
2024;Codigo IBGE;3503703;3;45973194
2024;Codigo IBGE;3503802;5;45973194
2024;Codigo IBGE;3503901;13;45973194
2024;Codigo IBGE;3503950;3;45973194
2024;Codigo IBGE;3504008;22;45973194
2024;Codigo IBGE;3504107;33;45973194
2024;Codigo IBGE;3504206;5;45973194
2024;Codigo IBGE;3504305;2;45973194
2024;Codigo IBGE;3504404;1;45973194
2024;Codigo IBGE;3504503;22;45973194
2024;Codigo IBGE;3504602;5;45973194
2024;Codigo IBGE;3504800;3;45973194
2024;Codigo IBGE;3504909;1;45973194
2024;Codigo IBGE;3505005;2;45973194
2024;Codigo IBGE;3505104;2;45973194
2024;Codigo IBGE;3505203;3;45973194
2024;Codigo IBGE;3505302;7;45973194
2024;Codigo IBGE;3505351;2;45973194
2024;Codigo IBGE;3505401;10;45973194
2024;Codigo IBGE;3505500;27;45973194
2024;Codigo IBGE;3505609;2;45973194
2024;Codigo IBGE;3505708;41;45973194
2024;Codigo IBGE;3505906;10;45973194
2024;Codigo IBGE;3506003;42;45973194
2024;Codigo IBGE;3506102;13;45973194
2024;Codigo IBGE;3506201;1;45973194
2024;Codigo IBGE;3506300;2;45973194
2024;Codigo IBGE;3506359;19;45973194
2024;Codigo IBGE;3506409;4;45973194
2024;Codigo IBGE;3506508;28;45973194
2024;Codigo IBGE;3506607;6;45973194
2024;Codigo IBGE;3506706;1;45973194
2024;Codigo IBGE;3506805;2;45973194
2024;Codigo IBGE;3506904;2;45973194
2024;Codigo IBGE;3507001;18;45973194
2024;Codigo IBGE;3507100;4;45973194
2024;Codigo IBGE;3507407;5;45973194
2024;Codigo IBGE;3507456;2;45973194
2024;Codigo IBGE;3507506;18;45973194
2024;Codigo IBGE;3507605;42;45973194
2024;Codigo IBGE;3507704;1;45973194
2024;Codigo IBGE;3507803;3;45973194
2024;Codigo IBGE;3507902;5;45973194
2024;Codigo IBGE;3508009;1;45973194
2024;Codigo IBGE;3508108;6;45973194
2024;Codigo IBGE;3508207;1;45973194
2024;Codigo IBGE;3508405;8;45973194
2024;Codigo IBGE;3508504;19;45973194
2024;Codigo IBGE;3508603;6;45973194
2024;Codigo IBGE;3508702;3;45973194
2024;Codigo IBGE;3508801;4;45973194
2024;Codigo IBGE;3509007;13;45973194
2024;Codigo IBGE;3509205;18;45973194
2024;Codigo IBGE;3509254;15;45973194
2024;Codigo IBGE;3509304;3;45973194
2024;Codigo IBGE;3509403;6;45973194
2024;Codigo IBGE;3509502;156;45973194
2024;Codigo IBGE;3509601;11;45973194
2024;Codigo IBGE;3509700;7;45973194
2024;Codigo IBGE;3509809;2;45973194
2024;Codigo IBGE;3509908;2;45973194
2024;Codigo IBGE;3509957;2;45973194
2024;Codigo IBGE;3510005;2;45973194
2024;Codigo IBGE;3510104;1;45973194
2024;Codigo IBGE;3510153;1;45973194
2024;Codigo IBGE;3510203;12;45973194
2024;Codigo IBGE;3510302;4;45973194
2024;Codigo IBGE;3510401;5;45973194
2024;Codigo IBGE;3510500;26;45973194
2024;Codigo IBGE;3510609;35;45973194
2024;Codigo IBGE;3510708;6;45973194
2024;Codigo IBGE;3510807;5;45973194
2024;Codigo IBGE;3511003;5;45973194
2024;Codigo IBGE;3511102;14;45973194
2024;Codigo IBGE;3511201;2;45973194
2024;Codigo IBGE;3511300;1;45973194
2024;Codigo IBGE;3511409;1;45973194
2024;Codigo IBGE;3511508;9;45973194
2024;Codigo IBGE;3511607;6;45973194
2024;Codigo IBGE;3511706;5;45973194
2024;Codigo IBGE;3511904;1;45973194
2024;Codigo IBGE;3512001;1;45973194
2024;Codigo IBGE;3512209;9;45973194
2024;Codigo IBGE;3512308;3;45973194
2024;Codigo IBGE;3512407;2;45973194
2024;Codigo IBGE;3512704;2;45973194
2024;Codigo IBGE;3512803;7;45973194
2024;Codigo IBGE;3512902;2;45973194
2024;Codigo IBGE;3513009;46;45973194
2024;Codigo IBGE;3513108;6;45973194
2024;Codigo IBGE;3513405;11;45973194
2024;Codigo IBGE;3513504;22;45973194
2024;Codigo IBGE;3513603;5;45973194
2024;Codigo IBGE;3513702;4;45973194
2024;Codigo IBGE;3513801;27;45973194
2024;Codigo IBGE;3513850;1;45973194
2024;Codigo IBGE;3513900;5;45973194
2024;Codigo IBGE;3514007;1;45973194
2024;Codigo IBGE;3514106;5;45973194
2024;Codigo IBGE;3514304;1;45973194
2024;Codigo IBGE;3514403;8;45973194
2024;Codigo IBGE;3514502;1;45973194
2024;Codigo IBGE;3514601;3;45973194
2024;Codigo IBGE;3514700;1;45973194
2024;Codigo IBGE;3514809;4;45973194
2024;Codigo IBGE;3514908;3;45973194
2024;Codigo IBGE;3515004;29;45973194
2024;Codigo IBGE;3515103;15;45973194
2024;Codigo IBGE;3515152;6;45973194
2024;Codigo IBGE;3515186;4;45973194
2024;Codigo IBGE;3515194;4;45973194
2024;Codigo IBGE;3515202;1;45973194
2024;Codigo IBGE;3515350;2;45973194
2024;Codigo IBGE;3515400;2;45973194
2024;Codigo IBGE;3515509;11;45973194
2024;Codigo IBGE;3515608;3;45973194
2024;Codigo IBGE;3515657;1;45973194
2024;Codigo IBGE;3515707;9;45973194
2024;Codigo IBGE;3515905;1;45973194
2024;Codigo IBGE;3516002;1;45973194
2024;Codigo IBGE;3516101;1;45973194
2024;Codigo IBGE;3516200;33;45973194
2024;Codigo IBGE;3516309;12;45973194
2024;Codigo IBGE;3516408;20;45973194
2024;Codigo IBGE;3516507;1;45973194
2024;Codigo IBGE;3516606;4;45973194
2024;Codigo IBGE;3516705;5;45973194
2024;Codigo IBGE;3516853;2;45973194
2024;Codigo IBGE;3516903;5;45973194
2024;Codigo IBGE;3517000;1;45973194
2024;Codigo IBGE;3517109;1;45973194
2024;Codigo IBGE;3517208;1;45973194
2024;Codigo IBGE;3517406;9;45973194
2024;Codigo IBGE;3517505;2;45973194
2024;Codigo IBGE;3517604;7;45973194
2024;Codigo IBGE;3517703;4;45973194
2024;Codigo IBGE;3517901;1;45973194
2024;Codigo IBGE;3518008;1;45973194
2024;Codigo IBGE;3518107;4;45973194
2024;Codigo IBGE;3518206;3;45973194
2024;Codigo IBGE;3518305;9;45973194
2024;Codigo IBGE;3518404;9;45973194
2024;Codigo IBGE;3518503;3;45973194
2024;Codigo IBGE;3518602;4;45973194
2024;Codigo IBGE;3518701;39;45973194
2024;Codigo IBGE;3518800;185;45973194
2024;Codigo IBGE;3519006;1;45973194
2024;Codigo IBGE;3519055;3;45973194
2024;Codigo IBGE;3519071;20;45973194
2024;Codigo IBGE;3519105;2;45973194
2024;Codigo IBGE;3519204;2;45973194
2024;Codigo IBGE;3519303;6;45973194
2024;Codigo IBGE;3519402;8;45973194
2024;Codigo IBGE;3519600;9;45973194
2024;Codigo IBGE;3519709;15;45973194
2024;Codigo IBGE;3519808;6;45973194
2024;Codigo IBGE;3519907;1;45973194
2024;Codigo IBGE;3520004;3;45973194
2024;Codigo IBGE;3520103;1;45973194
2024;Codigo IBGE;3520202;9;45973194
2024;Codigo IBGE;3520301;9;45973194
2024;Codigo IBGE;3520400;6;45973194
2024;Codigo IBGE;3520426;2;45973194
2024;Codigo IBGE;3520442;5;45973194
2024;Codigo IBGE;3520509;28;45973194
2024;Codigo IBGE;3520707;3;45973194
2024;Codigo IBGE;3520905;7;45973194
2024;Codigo IBGE;3521002;6;45973194
2024;Codigo IBGE;3521101;9;45973194
2024;Codigo IBGE;3521150;2;45973194
2024;Codigo IBGE;3521309;4;45973194
2024;Codigo IBGE;3521408;3;45973194
2024;Codigo IBGE;3521705;3;45973194
2024;Codigo IBGE;3521804;2;45973194
2024;Codigo IBGE;3521903;4;45973194
2024;Codigo IBGE;3522000;1;45973194
2024;Codigo IBGE;3522109;26;45973194
2024;Codigo IBGE;3522208;39;45973194
2024;Codigo IBGE;3522307;49;45973194
2024;Codigo IBGE;3522406;18;45973194
2024;Codigo IBGE;3522505;28;45973194
2024;Codigo IBGE;3522604;14;45973194
2024;Codigo IBGE;3522653;1;45973194
2024;Codigo IBGE;3522703;3;45973194
2024;Codigo IBGE;3522802;4;45973194
2024;Codigo IBGE;3522901;2;45973194
2024;Codigo IBGE;3523008;1;45973194
2024;Codigo IBGE;3523107;40;45973194
2024;Codigo IBGE;3523206;3;45973194
2024;Codigo IBGE;3523305;8;45973194
2024;Codigo IBGE;3523404;25;45973194
2024;Codigo IBGE;3523503;12;45973194
2024;Codigo IBGE;3523602;4;45973194
2024;Codigo IBGE;3523800;4;45973194
2024;Codigo IBGE;3523909;39;45973194
2024;Codigo IBGE;3524006;14;45973194
2024;Codigo IBGE;3524105;3;45973194
2024;Codigo IBGE;3524204;3;45973194
2024;Codigo IBGE;3524303;7;45973194
2024;Codigo IBGE;3524402;28;45973194
2024;Codigo IBGE;3524501;4;45973194
2024;Codigo IBGE;3524600;5;45973194
2024;Codigo IBGE;3524709;16;45973194
2024;Codigo IBGE;3524808;9;45973194
2024;Codigo IBGE;3524907;4;45973194
2024;Codigo IBGE;3525003;8;45973194
2024;Codigo IBGE;3525102;4;45973194
2024;Codigo IBGE;3525201;8;45973194
2024;Codigo IBGE;3525300;20;45973194
2024;Codigo IBGE;3525409;1;45973194
2024;Codigo IBGE;3525508;2;45973194
2024;Codigo IBGE;3525607;3;45973194
2024;Codigo IBGE;3525706;15;45973194
2024;Codigo IBGE;3525854;4;45973194
2024;Codigo IBGE;3525904;71;45973194
2024;Codigo IBGE;3526001;3;45973194
2024;Codigo IBGE;3526100;3;45973194
2024;Codigo IBGE;3526209;11;45973194
2024;Codigo IBGE;3526308;1;45973194
2024;Codigo IBGE;3526407;8;45973194
2024;Codigo IBGE;3526506;2;45973194
2024;Codigo IBGE;3526605;3;45973194
2024;Codigo IBGE;3526704;6;45973194
2024;Codigo IBGE;3526803;14;45973194
2024;Codigo IBGE;3526902;58;45973194
2024;Codigo IBGE;3527108;9;45973194
2024;Codigo IBGE;3527207;8;45973194
2024;Codigo IBGE;3527306;5;45973194
2024;Codigo IBGE;3527405;2;45973194
2024;Codigo IBGE;3527603;2;45973194
2024;Codigo IBGE;3527702;1;45973194
2024;Codigo IBGE;3527801;2;45973194
2024;Codigo IBGE;3527900;2;45973194
2024;Codigo IBGE;3528007;2;45973194
2024;Codigo IBGE;3528403;9;45973194
2024;Codigo IBGE;3528502;28;45973194
2024;Codigo IBGE;3528601;2;45973194
2024;Codigo IBGE;3528908;1;45973194
2024;Codigo IBGE;3529005;27;45973194
2024;Codigo IBGE;3529104;2;45973194
2024;Codigo IBGE;3529203;3;45973194
2024;Codigo IBGE;3529302;17;45973194
2024;Codigo IBGE;3529401;27;45973194
2024;Codigo IBGE;3529500;1;45973194
2024;Codigo IBGE;3529609;1;45973194
2024;Codigo IBGE;3529708;6;45973194
2024;Codigo IBGE;3529807;7;45973194
2024;Codigo IBGE;3529906;6;45973194
2024;Codigo IBGE;3530102;2;45973194
2024;Codigo IBGE;3530201;10;45973194
2024;Codigo IBGE;3530300;14;45973194
2024;Codigo IBGE;3530409;1;45973194
2024;Codigo IBGE;3530508;13;45973194
2024;Codigo IBGE;3530607;57;45973194
2024;Codigo IBGE;3530706;23;45973194
2024;Codigo IBGE;3530805;19;45973194
2024;Codigo IBGE;3531100;16;45973194
2024;Codigo IBGE;3531209;2;45973194
2024;Codigo IBGE;3531308;6;45973194
2024;Codigo IBGE;3531407;4;45973194
2024;Codigo IBGE;3531506;2;45973194
2024;Codigo IBGE;3531605;3;45973194
2024;Codigo IBGE;3531704;2;45973194
2024;Codigo IBGE;3531803;11;45973194
2024;Codigo IBGE;3531902;7;45973194
2024;Codigo IBGE;3532009;3;45973194
2024;Codigo IBGE;3532306;2;45973194
2024;Codigo IBGE;3532405;9;45973194
2024;Codigo IBGE;3532504;3;45973194
2024;Codigo IBGE;3532603;4;45973194
2024;Codigo IBGE;3532702;1;45973194
2024;Codigo IBGE;3532801;5;45973194
2024;Codigo IBGE;3532827;2;45973194
2024;Codigo IBGE;3532900;2;45973194
2024;Codigo IBGE;3533007;4;45973194
2024;Codigo IBGE;3533205;1;45973194
2024;Codigo IBGE;3533254;1;45973194
2024;Codigo IBGE;3533403;1;45973194
2024;Codigo IBGE;3533502;9;45973194
2024;Codigo IBGE;3533601;2;45973194
2024;Codigo IBGE;3533809;1;45973194
2024;Codigo IBGE;3533908;16;45973194
2024;Codigo IBGE;3534005;3;45973194
2024;Codigo IBGE;3534104;2;45973194
2024;Codigo IBGE;3534203;1;45973194
2024;Codigo IBGE;3534302;12;45973194
2024;Codigo IBGE;3534401;56;45973194
2024;Codigo IBGE;3534609;6;45973194
2024;Codigo IBGE;3534708;22;45973194
2024;Codigo IBGE;3534757;2;45973194
2024;Codigo IBGE;3534807;1;45973194
2024;Codigo IBGE;3535002;2;45973194
2024;Codigo IBGE;3535101;4;45973194
2024;Codigo IBGE;3535200;3;45973194
2024;Codigo IBGE;3535309;5;45973194
2024;Codigo IBGE;3535507;5;45973194
2024;Codigo IBGE;3535606;3;45973194
2024;Codigo IBGE;3535705;1;45973194
2024;Codigo IBGE;3535804;5;45973194
2024;Codigo IBGE;3536000;5;45973194
2024;Codigo IBGE;3536109;2;45973194
2024;Codigo IBGE;3536208;4;45973194
2024;Codigo IBGE;3536307;1;45973194
2024;Codigo IBGE;3536406;4;45973194
2024;Codigo IBGE;3536505;14;45973194
2024;Codigo IBGE;3536570;2;45973194
2024;Codigo IBGE;3536604;1;45973194
2024;Codigo IBGE;3536703;10;45973194
2024;Codigo IBGE;3536802;4;45973194
2024;Codigo IBGE;3537008;9;45973194
2024;Codigo IBGE;3537107;3;45973194
2024;Codigo IBGE;3537206;4;45973194
2024;Codigo IBGE;3537305;20;45973194
2024;Codigo IBGE;3537404;7;45973194
2024;Codigo IBGE;3537602;13;45973194
2024;Codigo IBGE;3537701;1;45973194
2024;Codigo IBGE;3537800;20;45973194
2024;Codigo IBGE;3537909;5;45973194
2024;Codigo IBGE;3538006;32;45973194
2024;Codigo IBGE;3538105;7;45973194
2024;Codigo IBGE;3538204;2;45973194
2024;Codigo IBGE;3538303;1;45973194
2024;Codigo IBGE;3538501;1;45973194
2024;Codigo IBGE;3538600;11;45973194
2024;Codigo IBGE;3538709;75;45973194
2024;Codigo IBGE;3538808;8;45973194
2024;Codigo IBGE;3538907;6;45973194
2024;Codigo IBGE;3539004;4;45973194
2024;Codigo IBGE;3539103;3;45973194
2024;Codigo IBGE;3539202;6;45973194
2024;Codigo IBGE;3539301;16;45973194
2024;Codigo IBGE;3539400;6;45973194
2024;Codigo IBGE;3539509;5;45973194
2024;Codigo IBGE;3539608;1;45973194
2024;Codigo IBGE;3539707;2;45973194
2024;Codigo IBGE;3539806;5;45973194
2024;Codigo IBGE;3539905;1;45973194
2024;Codigo IBGE;3540002;6;45973194
2024;Codigo IBGE;3540200;4;45973194
2024;Codigo IBGE;3540259;1;45973194
2024;Codigo IBGE;3540309;3;45973194
2024;Codigo IBGE;3540507;6;45973194
2024;Codigo IBGE;3540606;13;45973194
2024;Codigo IBGE;3540705;13;45973194
2024;Codigo IBGE;3540754;2;45973194
2024;Codigo IBGE;3540804;4;45973194
2024;Codigo IBGE;3541000;53;45973194
2024;Codigo IBGE;3541109;1;45973194
2024;Codigo IBGE;3541208;2;45973194
2024;Codigo IBGE;3541307;5;45973194
2024;Codigo IBGE;3541406;19;45973194
2024;Codigo IBGE;3541505;3;45973194
2024;Codigo IBGE;3541604;7;45973194
2024;Codigo IBGE;3541653;1;45973194
2024;Codigo IBGE;3541703;3;45973194
2024;Codigo IBGE;3541802;1;45973194
2024;Codigo IBGE;3542008;2;45973194
2024;Codigo IBGE;3542107;1;45973194
2024;Codigo IBGE;3542206;5;45973194
2024;Codigo IBGE;3542305;3;45973194
2024;Codigo IBGE;3542404;6;45973194
2024;Codigo IBGE;3542503;2;45973194
2024;Codigo IBGE;3542602;13;45973194
2024;Codigo IBGE;3542701;4;45973194
2024;Codigo IBGE;3542800;5;45973194
2024;Codigo IBGE;3542909;2;45973194
2024;Codigo IBGE;3543006;4;45973194
2024;Codigo IBGE;3543204;4;45973194
2024;Codigo IBGE;3543303;17;45973194
2024;Codigo IBGE;3543402;107;45973194
2024;Codigo IBGE;3543501;2;45973194
2024;Codigo IBGE;3543600;3;45973194
2024;Codigo IBGE;3543709;2;45973194
2024;Codigo IBGE;3543808;3;45973194
2024;Codigo IBGE;3543907;32;45973194
2024;Codigo IBGE;3544004;8;45973194
2024;Codigo IBGE;3544202;1;45973194
2024;Codigo IBGE;3544251;1;45973194
2024;Codigo IBGE;3544301;1;45973194
2024;Codigo IBGE;3544806;2;45973194
2024;Codigo IBGE;3544905;1;45973194
2024;Codigo IBGE;3545001;6;45973194
2024;Codigo IBGE;3545209;22;45973194
2024;Codigo IBGE;3545308;7;45973194
2024;Codigo IBGE;3545407;1;45973194
2024;Codigo IBGE;3545605;4;45973194
2024;Codigo IBGE;3545704;1;45973194
2024;Codigo IBGE;3545803;25;45973194
2024;Codigo IBGE;3546009;3;45973194
2024;Codigo IBGE;3546108;4;45973194
2024;Codigo IBGE;3546207;3;45973194
2024;Codigo IBGE;3546256;3;45973194
2024;Codigo IBGE;3546306;4;45973194
2024;Codigo IBGE;3546405;15;45973194
2024;Codigo IBGE;3546504;3;45973194
2024;Codigo IBGE;3546603;6;45973194
2024;Codigo IBGE;3546702;4;45973194
2024;Codigo IBGE;3546801;13;45973194
2024;Codigo IBGE;3546900;3;45973194
2024;Codigo IBGE;3547007;2;45973194
2024;Codigo IBGE;3547106;1;45973194
2024;Codigo IBGE;3547205;2;45973194
2024;Codigo IBGE;3547304;19;45973194
2024;Codigo IBGE;3547502;15;45973194
2024;Codigo IBGE;3547601;2;45973194
2024;Codigo IBGE;3547650;1;45973194
2024;Codigo IBGE;3547700;2;45973194
2024;Codigo IBGE;3547809;54;45973194
2024;Codigo IBGE;3548005;4;45973194
2024;Codigo IBGE;3548054;4;45973194
2024;Codigo IBGE;3548104;4;45973194
2024;Codigo IBGE;3548203;4;45973194
2024;Codigo IBGE;3548302;1;45973194
2024;Codigo IBGE;3548401;1;45973194
2024;Codigo IBGE;3548500;46;45973194
2024;Codigo IBGE;3548609;2;45973194
2024;Codigo IBGE;3548708;92;45973194
2024;Codigo IBGE;3548807;7;45973194
2024;Codigo IBGE;3548906;31;45973194
2024;Codigo IBGE;3549102;20;45973194
2024;Codigo IBGE;3549201;1;45973194
2024;Codigo IBGE;3549409;6;45973194
2024;Codigo IBGE;3549508;6;45973194
2024;Codigo IBGE;3549706;7;45973194
2024;Codigo IBGE;3549805;62;45973194
2024;Codigo IBGE;3549904;82;45973194
2024;Codigo IBGE;3549953;6;45973194
2024;Codigo IBGE;3550001;8;45973194
2024;Codigo IBGE;3550100;12;45973194
2024;Codigo IBGE;3550209;7;45973194
2024;Codigo IBGE;3550308;1046;45973194
2024;Codigo IBGE;3550407;12;45973194
2024;Codigo IBGE;3550605;21;45973194
2024;Codigo IBGE;3550704;19;45973194
2024;Codigo IBGE;3550803;4;45973194
2024;Codigo IBGE;3550902;6;45973194
2024;Codigo IBGE;3551009;50;45973194
2024;Codigo IBGE;3551405;1;45973194
2024;Codigo IBGE;3551504;7;45973194
2024;Codigo IBGE;3551603;4;45973194
2024;Codigo IBGE;3551702;24;45973194
2024;Codigo IBGE;3551801;4;45973194
2024;Codigo IBGE;3551900;3;45973194
2024;Codigo IBGE;3552007;3;45973194
2024;Codigo IBGE;3552106;13;45973194
2024;Codigo IBGE;3552205;133;45973194
2024;Codigo IBGE;3552304;1;45973194
2024;Codigo IBGE;3552403;29;45973194
2024;Codigo IBGE;3552502;34;45973194
2024;Codigo IBGE;3552601;2;45973194
2024;Codigo IBGE;3552700;2;45973194
2024;Codigo IBGE;3552809;18;45973194
2024;Codigo IBGE;3552908;2;45973194
2024;Codigo IBGE;3553005;4;45973194
2024;Codigo IBGE;3553203;3;45973194
2024;Codigo IBGE;3553302;2;45973194
2024;Codigo IBGE;3553401;4;45973194
2024;Codigo IBGE;3553500;2;45973194
2024;Codigo IBGE;3553609;2;45973194
2024;Codigo IBGE;3553658;1;45973194
2024;Codigo IBGE;3553708;10;45973194
2024;Codigo IBGE;3553807;3;45973194
2024;Codigo IBGE;3553856;3;45973194
2024;Codigo IBGE;3553955;5;45973194
2024;Codigo IBGE;3554003;19;45973194
2024;Codigo IBGE;3554102;35;45973194
2024;Codigo IBGE;3554300;2;45973194
2024;Codigo IBGE;3554409;1;45973194
2024;Codigo IBGE;3554508;11;45973194
2024;Codigo IBGE;3554607;1;45973194
2024;Codigo IBGE;3554706;2;45973194
2024;Codigo IBGE;3554805;10;45973194
2024;Codigo IBGE;3554953;3;45973194
2024;Codigo IBGE;3555000;8;45973194
2024;Codigo IBGE;3555109;1;45973194
2024;Codigo IBGE;3555307;1;45973194
2024;Codigo IBGE;3555356;2;45973194
2024;Codigo IBGE;3555406;22;45973194
2024;Codigo IBGE;3555505;1;45973194
2024;Codigo IBGE;3555604;1;45973194
2024;Codigo IBGE;3555802;1;45973194
2024;Codigo IBGE;3556008;4;45973194
2024;Codigo IBGE;3556107;1;45973194
2024;Codigo IBGE;3556206;18;45973194
2024;Codigo IBGE;3556305;2;45973194
2024;Codigo IBGE;3556354;5;45973194
2024;Codigo IBGE;3556404;9;45973194
2024;Codigo IBGE;3556453;3;45973194
2024;Codigo IBGE;3556503;9;45973194
2024;Codigo IBGE;3556602;2;45973194
2024;Codigo IBGE;3556701;7;45973194
2024;Codigo IBGE;3556800;2;45973194
2024;Codigo IBGE;3556958;1;45973194
2024;Codigo IBGE;3557006;21;45973194
2024;Codigo IBGE;3557105;21;45973194
2024;Codigo IBGE;3557154;1;45973194
2024;Codigo IBGE;3557303;1;45973194
2025;Codigo IBGE;3500105;3;46081801
2025;Codigo IBGE;3500303;3;46081801
2025;Codigo IBGE;3500402;1;46081801
2025;Codigo IBGE;3500501;4;46081801
2025;Codigo IBGE;3500550;3;46081801
2025;Codigo IBGE;3500709;3;46081801
2025;Codigo IBGE;3500758;1;46081801
2025;Codigo IBGE;3501004;8;46081801
2025;Codigo IBGE;3501152;4;46081801
2025;Codigo IBGE;3501202;2;46081801
2025;Codigo IBGE;3501301;3;46081801
2025;Codigo IBGE;3501509;2;46081801
2025;Codigo IBGE;3501608;21;46081801
2025;Codigo IBGE;3501707;4;46081801
2025;Codigo IBGE;3501905;19;46081801
2025;Codigo IBGE;3502002;1;46081801
2025;Codigo IBGE;3502101;12;46081801
2025;Codigo IBGE;3502200;4;46081801
2025;Codigo IBGE;3502309;3;46081801
2025;Codigo IBGE;3502408;1;46081801
2025;Codigo IBGE;3502507;14;46081801
2025;Codigo IBGE;3502705;7;46081801
2025;Codigo IBGE;3502754;15;46081801
2025;Codigo IBGE;3502804;33;46081801
2025;Codigo IBGE;3502903;12;46081801
2025;Codigo IBGE;3503000;1;46081801
2025;Codigo IBGE;3503208;34;46081801
2025;Codigo IBGE;3503307;19;46081801
2025;Codigo IBGE;3503356;1;46081801
2025;Codigo IBGE;3503406;2;46081801
2025;Codigo IBGE;3503505;1;46081801
2025;Codigo IBGE;3503802;11;46081801
2025;Codigo IBGE;3503901;11;46081801
2025;Codigo IBGE;3504008;21;46081801
2025;Codigo IBGE;3504107;34;46081801
2025;Codigo IBGE;3504206;4;46081801
2025;Codigo IBGE;3504305;2;46081801
2025;Codigo IBGE;3504404;2;46081801
2025;Codigo IBGE;3504503;19;46081801
2025;Codigo IBGE;3504602;6;46081801
2025;Codigo IBGE;3504701;1;46081801
2025;Codigo IBGE;3504800;1;46081801
2025;Codigo IBGE;3504909;3;46081801
2025;Codigo IBGE;3505104;1;46081801
2025;Codigo IBGE;3505203;6;46081801
2025;Codigo IBGE;3505302;5;46081801
2025;Codigo IBGE;3505401;4;46081801
2025;Codigo IBGE;3505500;28;46081801
2025;Codigo IBGE;3505609;3;46081801
2025;Codigo IBGE;3505708;35;46081801
2025;Codigo IBGE;3505807;3;46081801
2025;Codigo IBGE;3505906;10;46081801
2025;Codigo IBGE;3506003;44;46081801
2025;Codigo IBGE;3506102;16;46081801
2025;Codigo IBGE;3506201;2;46081801
2025;Codigo IBGE;3506300;1;46081801
2025;Codigo IBGE;3506359;12;46081801
2025;Codigo IBGE;3506508;20;46081801
2025;Codigo IBGE;3506607;11;46081801
2025;Codigo IBGE;3506706;4;46081801
2025;Codigo IBGE;3506805;3;46081801
2025;Codigo IBGE;3506904;5;46081801
2025;Codigo IBGE;3507001;14;46081801
2025;Codigo IBGE;3507100;8;46081801
2025;Codigo IBGE;3507308;1;46081801
2025;Codigo IBGE;3507407;6;46081801
2025;Codigo IBGE;3507506;16;46081801
2025;Codigo IBGE;3507605;30;46081801
2025;Codigo IBGE;3507704;2;46081801
2025;Codigo IBGE;3507902;3;46081801
2025;Codigo IBGE;3508009;2;46081801
2025;Codigo IBGE;3508108;3;46081801
2025;Codigo IBGE;3508405;16;46081801
2025;Codigo IBGE;3508504;21;46081801
2025;Codigo IBGE;3508603;6;46081801
2025;Codigo IBGE;3508702;1;46081801
2025;Codigo IBGE;3508801;1;46081801
2025;Codigo IBGE;3508900;2;46081801
2025;Codigo IBGE;3509007;19;46081801
2025;Codigo IBGE;3509106;1;46081801
2025;Codigo IBGE;3509205;11;46081801
2025;Codigo IBGE;3509254;7;46081801
2025;Codigo IBGE;3509403;8;46081801
2025;Codigo IBGE;3509452;1;46081801
2025;Codigo IBGE;3509502;142;46081801
2025;Codigo IBGE;3509601;13;46081801
2025;Codigo IBGE;3509700;6;46081801
2025;Codigo IBGE;3509809;2;46081801
2025;Codigo IBGE;3509908;2;46081801
2025;Codigo IBGE;3509957;3;46081801
2025;Codigo IBGE;3510005;4;46081801
2025;Codigo IBGE;3510153;1;46081801
2025;Codigo IBGE;3510203;11;46081801
2025;Codigo IBGE;3510302;7;46081801
2025;Codigo IBGE;3510401;8;46081801
2025;Codigo IBGE;3510500;21;46081801
2025;Codigo IBGE;3510609;34;46081801
2025;Codigo IBGE;3510708;5;46081801
2025;Codigo IBGE;3510807;11;46081801
2025;Codigo IBGE;3510906;1;46081801
2025;Codigo IBGE;3511003;7;46081801
2025;Codigo IBGE;3511102;14;46081801
2025;Codigo IBGE;3511201;3;46081801
2025;Codigo IBGE;3511300;5;46081801
2025;Codigo IBGE;3511409;2;46081801
2025;Codigo IBGE;3511508;8;46081801
2025;Codigo IBGE;3511607;2;46081801
2025;Codigo IBGE;3511706;1;46081801
2025;Codigo IBGE;3511904;3;46081801
2025;Codigo IBGE;3512001;4;46081801
2025;Codigo IBGE;3512100;2;46081801
2025;Codigo IBGE;3512209;6;46081801
2025;Codigo IBGE;3512308;2;46081801
2025;Codigo IBGE;3512407;9;46081801
2025;Codigo IBGE;3512506;3;46081801
2025;Codigo IBGE;3512605;2;46081801
2025;Codigo IBGE;3512803;8;46081801
2025;Codigo IBGE;3512902;3;46081801
2025;Codigo IBGE;3513009;47;46081801
2025;Codigo IBGE;3513108;6;46081801
2025;Codigo IBGE;3513207;1;46081801
2025;Codigo IBGE;3513306;1;46081801
2025;Codigo IBGE;3513405;8;46081801
2025;Codigo IBGE;3513504;36;46081801
2025;Codigo IBGE;3513603;6;46081801
2025;Codigo IBGE;3513702;5;46081801
2025;Codigo IBGE;3513801;34;46081801
2025;Codigo IBGE;3513900;6;46081801
2025;Codigo IBGE;3514106;3;46081801
2025;Codigo IBGE;3514403;13;46081801
2025;Codigo IBGE;3514502;5;46081801
2025;Codigo IBGE;3514601;2;46081801
2025;Codigo IBGE;3514700;1;46081801
2025;Codigo IBGE;3514809;1;46081801
2025;Codigo IBGE;3514908;1;46081801
2025;Codigo IBGE;3514924;1;46081801
2025;Codigo IBGE;3515004;35;46081801
2025;Codigo IBGE;3515103;13;46081801
2025;Codigo IBGE;3515186;5;46081801
2025;Codigo IBGE;3515194;1;46081801
2025;Codigo IBGE;3515202;1;46081801
2025;Codigo IBGE;3515301;3;46081801
2025;Codigo IBGE;3515350;2;46081801
2025;Codigo IBGE;3515400;2;46081801
2025;Codigo IBGE;3515509;14;46081801
2025;Codigo IBGE;3515707;8;46081801
2025;Codigo IBGE;3515905;1;46081801
2025;Codigo IBGE;3516002;2;46081801
2025;Codigo IBGE;3516101;1;46081801
2025;Codigo IBGE;3516200;40;46081801
2025;Codigo IBGE;3516309;9;46081801
2025;Codigo IBGE;3516408;27;46081801
2025;Codigo IBGE;3516507;2;46081801
2025;Codigo IBGE;3516606;1;46081801
2025;Codigo IBGE;3516705;6;46081801
2025;Codigo IBGE;3516804;1;46081801
2025;Codigo IBGE;3516903;8;46081801
2025;Codigo IBGE;3517000;2;46081801
2025;Codigo IBGE;3517109;6;46081801
2025;Codigo IBGE;3517208;2;46081801
2025;Codigo IBGE;3517307;1;46081801
2025;Codigo IBGE;3517406;5;46081801
2025;Codigo IBGE;3517505;4;46081801
2025;Codigo IBGE;3517604;8;46081801
2025;Codigo IBGE;3517703;5;46081801
2025;Codigo IBGE;3518008;2;46081801
2025;Codigo IBGE;3518107;3;46081801
2025;Codigo IBGE;3518206;4;46081801
2025;Codigo IBGE;3518305;8;46081801
2025;Codigo IBGE;3518404;16;46081801
2025;Codigo IBGE;3518503;3;46081801
2025;Codigo IBGE;3518602;4;46081801
2025;Codigo IBGE;3518701;38;46081801
2025;Codigo IBGE;3518800;162;46081801
2025;Codigo IBGE;3518859;3;46081801
2025;Codigo IBGE;3518909;1;46081801
2025;Codigo IBGE;3519006;3;46081801
2025;Codigo IBGE;3519055;3;46081801
2025;Codigo IBGE;3519071;17;46081801
2025;Codigo IBGE;3519105;1;46081801
2025;Codigo IBGE;3519303;6;46081801
2025;Codigo IBGE;3519402;3;46081801
2025;Codigo IBGE;3519600;15;46081801
2025;Codigo IBGE;3519709;24;46081801
2025;Codigo IBGE;3519808;2;46081801
2025;Codigo IBGE;3519907;1;46081801
2025;Codigo IBGE;3520004;2;46081801
2025;Codigo IBGE;3520103;6;46081801
2025;Codigo IBGE;3520202;4;46081801
2025;Codigo IBGE;3520301;5;46081801
2025;Codigo IBGE;3520400;2;46081801
2025;Codigo IBGE;3520426;4;46081801
2025;Codigo IBGE;3520442;3;46081801
2025;Codigo IBGE;3520509;37;46081801
2025;Codigo IBGE;3520608;2;46081801
2025;Codigo IBGE;3520905;3;46081801
2025;Codigo IBGE;3521002;5;46081801
2025;Codigo IBGE;3521101;5;46081801
2025;Codigo IBGE;3521150;1;46081801
2025;Codigo IBGE;3521200;1;46081801
2025;Codigo IBGE;3521309;2;46081801
2025;Codigo IBGE;3521408;3;46081801
2025;Codigo IBGE;3521507;1;46081801
2025;Codigo IBGE;3521705;5;46081801
2025;Codigo IBGE;3521804;8;46081801
2025;Codigo IBGE;3522109;29;46081801
2025;Codigo IBGE;3522158;1;46081801
2025;Codigo IBGE;3522208;32;46081801
2025;Codigo IBGE;3522307;32;46081801
2025;Codigo IBGE;3522406;18;46081801
2025;Codigo IBGE;3522505;25;46081801
2025;Codigo IBGE;3522604;12;46081801
2025;Codigo IBGE;3522653;2;46081801
2025;Codigo IBGE;3522703;10;46081801
2025;Codigo IBGE;3522802;3;46081801
2025;Codigo IBGE;3522901;4;46081801
2025;Codigo IBGE;3523008;4;46081801
2025;Codigo IBGE;3523107;41;46081801
2025;Codigo IBGE;3523206;6;46081801
2025;Codigo IBGE;3523305;6;46081801
2025;Codigo IBGE;3523404;31;46081801
2025;Codigo IBGE;3523503;6;46081801
2025;Codigo IBGE;3523602;3;46081801
2025;Codigo IBGE;3523701;4;46081801
2025;Codigo IBGE;3523800;2;46081801
2025;Codigo IBGE;3523909;45;46081801
2025;Codigo IBGE;3524006;12;46081801
2025;Codigo IBGE;3524105;10;46081801
2025;Codigo IBGE;3524303;11;46081801
2025;Codigo IBGE;3524402;32;46081801
2025;Codigo IBGE;3524501;2;46081801
2025;Codigo IBGE;3524600;2;46081801
2025;Codigo IBGE;3524709;11;46081801
2025;Codigo IBGE;3524808;8;46081801
2025;Codigo IBGE;3524907;1;46081801
2025;Codigo IBGE;3525003;6;46081801
2025;Codigo IBGE;3525102;8;46081801
2025;Codigo IBGE;3525201;11;46081801
2025;Codigo IBGE;3525300;13;46081801
2025;Codigo IBGE;3525409;1;46081801
2025;Codigo IBGE;3525508;3;46081801
2025;Codigo IBGE;3525706;10;46081801
2025;Codigo IBGE;3525904;79;46081801
2025;Codigo IBGE;3526001;1;46081801
2025;Codigo IBGE;3526100;5;46081801
2025;Codigo IBGE;3526209;16;46081801
2025;Codigo IBGE;3526308;2;46081801
2025;Codigo IBGE;3526407;2;46081801
2025;Codigo IBGE;3526605;3;46081801
2025;Codigo IBGE;3526704;13;46081801
2025;Codigo IBGE;3526803;4;46081801
2025;Codigo IBGE;3526902;57;46081801
2025;Codigo IBGE;3527009;3;46081801
2025;Codigo IBGE;3527108;16;46081801
2025;Codigo IBGE;3527207;10;46081801
2025;Codigo IBGE;3527306;8;46081801
2025;Codigo IBGE;3527405;1;46081801
2025;Codigo IBGE;3527603;1;46081801
2025;Codigo IBGE;3527702;1;46081801
2025;Codigo IBGE;3527900;1;46081801
2025;Codigo IBGE;3528007;8;46081801
2025;Codigo IBGE;3528403;9;46081801
2025;Codigo IBGE;3528502;17;46081801
2025;Codigo IBGE;3528601;2;46081801
2025;Codigo IBGE;3528700;1;46081801
2025;Codigo IBGE;3528809;6;46081801
2025;Codigo IBGE;3528858;2;46081801
2025;Codigo IBGE;3529005;35;46081801
2025;Codigo IBGE;3529104;1;46081801
2025;Codigo IBGE;3529203;5;46081801
2025;Codigo IBGE;3529302;16;46081801
2025;Codigo IBGE;3529401;30;46081801
2025;Codigo IBGE;3529500;3;46081801
2025;Codigo IBGE;3529609;2;46081801
2025;Codigo IBGE;3529708;5;46081801
2025;Codigo IBGE;3529807;2;46081801
2025;Codigo IBGE;3529906;15;46081801
2025;Codigo IBGE;3530003;2;46081801
2025;Codigo IBGE;3530102;2;46081801
2025;Codigo IBGE;3530201;1;46081801
2025;Codigo IBGE;3530300;7;46081801
2025;Codigo IBGE;3530409;1;46081801
2025;Codigo IBGE;3530508;13;46081801
2025;Codigo IBGE;3530607;54;46081801
2025;Codigo IBGE;3530706;31;46081801
2025;Codigo IBGE;3530805;21;46081801
2025;Codigo IBGE;3531001;1;46081801
2025;Codigo IBGE;3531100;8;46081801
2025;Codigo IBGE;3531209;1;46081801
2025;Codigo IBGE;3531308;1;46081801
2025;Codigo IBGE;3531407;4;46081801
2025;Codigo IBGE;3531506;9;46081801
2025;Codigo IBGE;3531704;2;46081801
2025;Codigo IBGE;3531803;14;46081801
2025;Codigo IBGE;3531902;9;46081801
2025;Codigo IBGE;3532009;2;46081801
2025;Codigo IBGE;3532058;1;46081801
2025;Codigo IBGE;3532306;1;46081801
2025;Codigo IBGE;3532405;3;46081801
2025;Codigo IBGE;3532603;4;46081801
2025;Codigo IBGE;3532801;2;46081801
2025;Codigo IBGE;3532843;1;46081801
2025;Codigo IBGE;3533007;5;46081801
2025;Codigo IBGE;3533205;1;46081801
2025;Codigo IBGE;3533254;1;46081801
2025;Codigo IBGE;3533403;6;46081801
2025;Codigo IBGE;3533502;5;46081801
2025;Codigo IBGE;3533601;16;46081801
2025;Codigo IBGE;3533700;4;46081801
2025;Codigo IBGE;3533908;15;46081801
2025;Codigo IBGE;3534005;2;46081801
2025;Codigo IBGE;3534104;1;46081801
2025;Codigo IBGE;3534203;1;46081801
2025;Codigo IBGE;3534302;15;46081801
2025;Codigo IBGE;3534401;73;46081801
2025;Codigo IBGE;3534500;1;46081801
2025;Codigo IBGE;3534609;3;46081801
2025;Codigo IBGE;3534708;13;46081801
2025;Codigo IBGE;3534757;1;46081801
2025;Codigo IBGE;3534807;3;46081801
2025;Codigo IBGE;3534906;2;46081801
2025;Codigo IBGE;3535101;1;46081801
2025;Codigo IBGE;3535200;3;46081801
2025;Codigo IBGE;3535309;1;46081801
2025;Codigo IBGE;3535408;3;46081801
2025;Codigo IBGE;3535507;10;46081801
2025;Codigo IBGE;3535606;2;46081801
2025;Codigo IBGE;3535705;2;46081801
2025;Codigo IBGE;3535804;2;46081801
2025;Codigo IBGE;3536000;6;46081801
2025;Codigo IBGE;3536109;5;46081801
2025;Codigo IBGE;3536208;7;46081801
2025;Codigo IBGE;3536307;2;46081801
2025;Codigo IBGE;3536406;2;46081801
2025;Codigo IBGE;3536505;12;46081801
2025;Codigo IBGE;3536570;2;46081801
2025;Codigo IBGE;3536604;1;46081801
2025;Codigo IBGE;3536703;12;46081801
2025;Codigo IBGE;3536802;1;46081801
2025;Codigo IBGE;3536901;1;46081801
2025;Codigo IBGE;3537008;2;46081801
2025;Codigo IBGE;3537107;6;46081801
2025;Codigo IBGE;3537206;2;46081801
2025;Codigo IBGE;3537305;11;46081801
2025;Codigo IBGE;3537404;4;46081801
2025;Codigo IBGE;3537602;20;46081801
2025;Codigo IBGE;3537701;1;46081801
2025;Codigo IBGE;3537800;17;46081801
2025;Codigo IBGE;3537909;9;46081801
2025;Codigo IBGE;3538006;45;46081801
2025;Codigo IBGE;3538105;2;46081801
2025;Codigo IBGE;3538204;2;46081801
2025;Codigo IBGE;3538303;2;46081801
2025;Codigo IBGE;3538501;2;46081801
2025;Codigo IBGE;3538600;9;46081801
2025;Codigo IBGE;3538709;74;46081801
2025;Codigo IBGE;3538808;2;46081801
2025;Codigo IBGE;3538907;4;46081801
2025;Codigo IBGE;3539004;2;46081801
2025;Codigo IBGE;3539103;1;46081801
2025;Codigo IBGE;3539202;2;46081801
2025;Codigo IBGE;3539301;10;46081801
2025;Codigo IBGE;3539400;4;46081801
2025;Codigo IBGE;3539509;5;46081801
2025;Codigo IBGE;3539707;1;46081801
2025;Codigo IBGE;3539806;8;46081801
2025;Codigo IBGE;3539905;6;46081801
2025;Codigo IBGE;3540002;5;46081801
2025;Codigo IBGE;3540101;2;46081801
2025;Codigo IBGE;3540200;5;46081801
2025;Codigo IBGE;3540259;1;46081801
2025;Codigo IBGE;3540408;2;46081801
2025;Codigo IBGE;3540507;7;46081801
2025;Codigo IBGE;3540606;17;46081801
2025;Codigo IBGE;3540705;6;46081801
2025;Codigo IBGE;3540804;3;46081801
2025;Codigo IBGE;3540903;6;46081801
2025;Codigo IBGE;3541000;53;46081801
2025;Codigo IBGE;3541059;1;46081801
2025;Codigo IBGE;3541307;7;46081801
2025;Codigo IBGE;3541406;28;46081801
2025;Codigo IBGE;3541505;2;46081801
2025;Codigo IBGE;3541604;2;46081801
2025;Codigo IBGE;3541653;3;46081801
2025;Codigo IBGE;3541802;1;46081801
2025;Codigo IBGE;3541901;1;46081801
2025;Codigo IBGE;3542008;4;46081801
2025;Codigo IBGE;3542107;4;46081801
2025;Codigo IBGE;3542206;9;46081801
2025;Codigo IBGE;3542404;1;46081801
2025;Codigo IBGE;3542503;5;46081801
2025;Codigo IBGE;3542602;14;46081801
2025;Codigo IBGE;3542701;3;46081801
2025;Codigo IBGE;3542909;3;46081801
2025;Codigo IBGE;3543105;2;46081801
2025;Codigo IBGE;3543204;1;46081801
2025;Codigo IBGE;3543253;1;46081801
2025;Codigo IBGE;3543303;11;46081801
2025;Codigo IBGE;3543402;88;46081801
2025;Codigo IBGE;3543501;5;46081801
2025;Codigo IBGE;3543709;3;46081801
2025;Codigo IBGE;3543907;33;46081801
2025;Codigo IBGE;3544004;5;46081801
2025;Codigo IBGE;3544103;5;46081801
2025;Codigo IBGE;3544202;1;46081801
2025;Codigo IBGE;3544251;1;46081801
2025;Codigo IBGE;3544301;4;46081801
2025;Codigo IBGE;3544509;1;46081801
2025;Codigo IBGE;3544707;2;46081801
2025;Codigo IBGE;3544806;5;46081801
2025;Codigo IBGE;3544905;1;46081801
2025;Codigo IBGE;3545001;7;46081801
2025;Codigo IBGE;3545159;2;46081801
2025;Codigo IBGE;3545209;23;46081801
2025;Codigo IBGE;3545308;9;46081801
2025;Codigo IBGE;3545407;1;46081801
2025;Codigo IBGE;3545506;2;46081801
2025;Codigo IBGE;3545605;3;46081801
2025;Codigo IBGE;3545704;1;46081801
2025;Codigo IBGE;3545803;21;46081801
2025;Codigo IBGE;3546009;2;46081801
2025;Codigo IBGE;3546256;4;46081801
2025;Codigo IBGE;3546306;4;46081801
2025;Codigo IBGE;3546405;12;46081801
2025;Codigo IBGE;3546603;1;46081801
2025;Codigo IBGE;3546702;8;46081801
2025;Codigo IBGE;3546801;8;46081801
2025;Codigo IBGE;3546900;1;46081801
2025;Codigo IBGE;3547007;1;46081801
2025;Codigo IBGE;3547106;1;46081801
2025;Codigo IBGE;3547205;1;46081801
2025;Codigo IBGE;3547304;16;46081801
2025;Codigo IBGE;3547502;9;46081801
2025;Codigo IBGE;3547650;1;46081801
2025;Codigo IBGE;3547700;4;46081801
2025;Codigo IBGE;3547809;68;46081801
2025;Codigo IBGE;3547908;2;46081801
2025;Codigo IBGE;3548005;7;46081801
2025;Codigo IBGE;3548054;4;46081801
2025;Codigo IBGE;3548104;2;46081801
2025;Codigo IBGE;3548203;1;46081801
2025;Codigo IBGE;3548302;1;46081801
2025;Codigo IBGE;3548500;34;46081801
2025;Codigo IBGE;3548609;2;46081801
2025;Codigo IBGE;3548708;127;46081801
2025;Codigo IBGE;3548807;5;46081801
2025;Codigo IBGE;3548906;26;46081801
2025;Codigo IBGE;3549102;12;46081801
2025;Codigo IBGE;3549409;3;46081801
2025;Codigo IBGE;3549607;1;46081801
2025;Codigo IBGE;3549706;7;46081801
2025;Codigo IBGE;3549805;62;46081801
2025;Codigo IBGE;3549904;78;46081801
2025;Codigo IBGE;3549953;4;46081801
2025;Codigo IBGE;3550001;2;46081801
2025;Codigo IBGE;3550100;12;46081801
2025;Codigo IBGE;3550209;6;46081801
2025;Codigo IBGE;3550308;1035;46081801
2025;Codigo IBGE;3550407;7;46081801
2025;Codigo IBGE;3550506;2;46081801
2025;Codigo IBGE;3550605;14;46081801
2025;Codigo IBGE;3550704;24;46081801
2025;Codigo IBGE;3550803;1;46081801
2025;Codigo IBGE;3550902;11;46081801
2025;Codigo IBGE;3551009;56;46081801
2025;Codigo IBGE;3551108;1;46081801
2025;Codigo IBGE;3551207;5;46081801
2025;Codigo IBGE;3551306;5;46081801
2025;Codigo IBGE;3551405;1;46081801
2025;Codigo IBGE;3551504;5;46081801
2025;Codigo IBGE;3551603;7;46081801
2025;Codigo IBGE;3551702;15;46081801
2025;Codigo IBGE;3551801;3;46081801
2025;Codigo IBGE;3551900;2;46081801
2025;Codigo IBGE;3552007;2;46081801
2025;Codigo IBGE;3552106;9;46081801
2025;Codigo IBGE;3552205;114;46081801
2025;Codigo IBGE;3552403;34;46081801
2025;Codigo IBGE;3552502;24;46081801
2025;Codigo IBGE;3552601;1;46081801
2025;Codigo IBGE;3552700;2;46081801
2025;Codigo IBGE;3552809;27;46081801
2025;Codigo IBGE;3552908;1;46081801
2025;Codigo IBGE;3553005;4;46081801
2025;Codigo IBGE;3553104;1;46081801
2025;Codigo IBGE;3553203;4;46081801
2025;Codigo IBGE;3553401;5;46081801
2025;Codigo IBGE;3553500;2;46081801
2025;Codigo IBGE;3553609;4;46081801
2025;Codigo IBGE;3553708;15;46081801
2025;Codigo IBGE;3553807;9;46081801
2025;Codigo IBGE;3553856;2;46081801
2025;Codigo IBGE;3553955;4;46081801
2025;Codigo IBGE;3554003;20;46081801
2025;Codigo IBGE;3554102;46;46081801
2025;Codigo IBGE;3554409;1;46081801
2025;Codigo IBGE;3554508;14;46081801
2025;Codigo IBGE;3554607;3;46081801
2025;Codigo IBGE;3554755;4;46081801
2025;Codigo IBGE;3554805;4;46081801
2025;Codigo IBGE;3554904;6;46081801
2025;Codigo IBGE;3554953;1;46081801
2025;Codigo IBGE;3555000;12;46081801
2025;Codigo IBGE;3555109;5;46081801
2025;Codigo IBGE;3555208;3;46081801
2025;Codigo IBGE;3555307;2;46081801
2025;Codigo IBGE;3555356;3;46081801
2025;Codigo IBGE;3555406;21;46081801
2025;Codigo IBGE;3555604;3;46081801
2025;Codigo IBGE;3555802;2;46081801
2025;Codigo IBGE;3556008;8;46081801
2025;Codigo IBGE;3556107;4;46081801
2025;Codigo IBGE;3556206;13;46081801
2025;Codigo IBGE;3556305;2;46081801
2025;Codigo IBGE;3556354;4;46081801
2025;Codigo IBGE;3556404;8;46081801
2025;Codigo IBGE;3556453;6;46081801
2025;Codigo IBGE;3556503;11;46081801
2025;Codigo IBGE;3556602;2;46081801
2025;Codigo IBGE;3556701;12;46081801
2025;Codigo IBGE;3556800;1;46081801
2025;Codigo IBGE;3556909;3;46081801
2025;Codigo IBGE;3556958;1;46081801
2025;Codigo IBGE;3557006;14;46081801
2025;Codigo IBGE;3557105;11;46081801
2025;Codigo IBGE;3557154;1;46081801
2025;Codigo IBGE;3557204;1;46081801
2026;Codigo IBGE;3500303;4;46081801
2026;Codigo IBGE;3500402;3;46081801
2026;Codigo IBGE;3500501;4;46081801
2026;Codigo IBGE;3500600;1;46081801
2026;Codigo IBGE;3500709;3;46081801
2026;Codigo IBGE;3500758;4;46081801
2026;Codigo IBGE;3500907;1;46081801
2026;Codigo IBGE;3501103;1;46081801
2026;Codigo IBGE;3501152;1;46081801
2026;Codigo IBGE;3501301;2;46081801
2026;Codigo IBGE;3501608;14;46081801
2026;Codigo IBGE;3501707;1;46081801
2026;Codigo IBGE;3501905;7;46081801
2026;Codigo IBGE;3502002;2;46081801
2026;Codigo IBGE;3502101;5;46081801
2026;Codigo IBGE;3502200;7;46081801
2026;Codigo IBGE;3502507;5;46081801
2026;Codigo IBGE;3502606;1;46081801
2026;Codigo IBGE;3502705;7;46081801
2026;Codigo IBGE;3502754;3;46081801
2026;Codigo IBGE;3502804;8;46081801
2026;Codigo IBGE;3502903;7;46081801
2026;Codigo IBGE;3503000;1;46081801
2026;Codigo IBGE;3503208;16;46081801
2026;Codigo IBGE;3503307;6;46081801
2026;Codigo IBGE;3503356;1;46081801
2026;Codigo IBGE;3503406;2;46081801
2026;Codigo IBGE;3503604;2;46081801
2026;Codigo IBGE;3503802;5;46081801
2026;Codigo IBGE;3503901;10;46081801
2026;Codigo IBGE;3504008;12;46081801
2026;Codigo IBGE;3504107;13;46081801
2026;Codigo IBGE;3504305;1;46081801
2026;Codigo IBGE;3504404;4;46081801
2026;Codigo IBGE;3504503;10;46081801
2026;Codigo IBGE;3504701;1;46081801
2026;Codigo IBGE;3504909;2;46081801
2026;Codigo IBGE;3505005;1;46081801
2026;Codigo IBGE;3505203;1;46081801
2026;Codigo IBGE;3505302;2;46081801
2026;Codigo IBGE;3505351;1;46081801
2026;Codigo IBGE;3505401;5;46081801
2026;Codigo IBGE;3505500;12;46081801
2026;Codigo IBGE;3505609;2;46081801
2026;Codigo IBGE;3505708;20;46081801
2026;Codigo IBGE;3505807;2;46081801
2026;Codigo IBGE;3505906;3;46081801
2026;Codigo IBGE;3506003;20;46081801
2026;Codigo IBGE;3506102;4;46081801
2026;Codigo IBGE;3506201;1;46081801
2026;Codigo IBGE;3506359;7;46081801
2026;Codigo IBGE;3506508;11;46081801
2026;Codigo IBGE;3506607;4;46081801
2026;Codigo IBGE;3506706;1;46081801
2026;Codigo IBGE;3506805;2;46081801
2026;Codigo IBGE;3506904;1;46081801
2026;Codigo IBGE;3507001;4;46081801
2026;Codigo IBGE;3507100;2;46081801
2026;Codigo IBGE;3507308;2;46081801
2026;Codigo IBGE;3507407;2;46081801
2026;Codigo IBGE;3507506;9;46081801
2026;Codigo IBGE;3507605;16;46081801
2026;Codigo IBGE;3507753;3;46081801
2026;Codigo IBGE;3507803;1;46081801
2026;Codigo IBGE;3507902;2;46081801
2026;Codigo IBGE;3508108;2;46081801
2026;Codigo IBGE;3508207;2;46081801
2026;Codigo IBGE;3508306;2;46081801
2026;Codigo IBGE;3508405;2;46081801
2026;Codigo IBGE;3508504;14;46081801
2026;Codigo IBGE;3508702;2;46081801
2026;Codigo IBGE;3508801;2;46081801
2026;Codigo IBGE;3509007;5;46081801
2026;Codigo IBGE;3509106;3;46081801
2026;Codigo IBGE;3509205;11;46081801
2026;Codigo IBGE;3509254;7;46081801
2026;Codigo IBGE;3509502;33;46081801
2026;Codigo IBGE;3509601;3;46081801
2026;Codigo IBGE;3509700;3;46081801
2026;Codigo IBGE;3509809;3;46081801
2026;Codigo IBGE;3509908;2;46081801
2026;Codigo IBGE;3509957;1;46081801
2026;Codigo IBGE;3510005;2;46081801
2026;Codigo IBGE;3510153;2;46081801
2026;Codigo IBGE;3510203;3;46081801
2026;Codigo IBGE;3510302;1;46081801
2026;Codigo IBGE;3510401;1;46081801
2026;Codigo IBGE;3510500;7;46081801
2026;Codigo IBGE;3510609;10;46081801
2026;Codigo IBGE;3510708;1;46081801
2026;Codigo IBGE;3510807;5;46081801
2026;Codigo IBGE;3510906;1;46081801
2026;Codigo IBGE;3511003;6;46081801
2026;Codigo IBGE;3511102;8;46081801
2026;Codigo IBGE;3511300;3;46081801
2026;Codigo IBGE;3511409;1;46081801
2026;Codigo IBGE;3511508;4;46081801
2026;Codigo IBGE;3511607;1;46081801
2026;Codigo IBGE;3511706;2;46081801
2026;Codigo IBGE;3511904;1;46081801
2026;Codigo IBGE;3512001;2;46081801
2026;Codigo IBGE;3512100;2;46081801
2026;Codigo IBGE;3512209;4;46081801
2026;Codigo IBGE;3512308;1;46081801
2026;Codigo IBGE;3512407;3;46081801
2026;Codigo IBGE;3512506;2;46081801
2026;Codigo IBGE;3512704;2;46081801
2026;Codigo IBGE;3512803;2;46081801
2026;Codigo IBGE;3512902;2;46081801
2026;Codigo IBGE;3513009;20;46081801
2026;Codigo IBGE;3513108;1;46081801
2026;Codigo IBGE;3513207;1;46081801
2026;Codigo IBGE;3513405;2;46081801
2026;Codigo IBGE;3513504;14;46081801
2026;Codigo IBGE;3513603;2;46081801
2026;Codigo IBGE;3513702;3;46081801
2026;Codigo IBGE;3513801;23;46081801
2026;Codigo IBGE;3514007;1;46081801
2026;Codigo IBGE;3514106;4;46081801
2026;Codigo IBGE;3514205;1;46081801
2026;Codigo IBGE;3514304;1;46081801
2026;Codigo IBGE;3514403;2;46081801
2026;Codigo IBGE;3514502;2;46081801
2026;Codigo IBGE;3514601;3;46081801
2026;Codigo IBGE;3514700;1;46081801
2026;Codigo IBGE;3514809;4;46081801
2026;Codigo IBGE;3514908;6;46081801
2026;Codigo IBGE;3515004;13;46081801
2026;Codigo IBGE;3515103;2;46081801
2026;Codigo IBGE;3515129;1;46081801
2026;Codigo IBGE;3515152;2;46081801
2026;Codigo IBGE;3515186;1;46081801
2026;Codigo IBGE;3515202;2;46081801
2026;Codigo IBGE;3515301;1;46081801
2026;Codigo IBGE;3515400;2;46081801
2026;Codigo IBGE;3515509;4;46081801
2026;Codigo IBGE;3515707;5;46081801
2026;Codigo IBGE;3516002;1;46081801
2026;Codigo IBGE;3516200;28;46081801
2026;Codigo IBGE;3516309;4;46081801
2026;Codigo IBGE;3516408;17;46081801
2026;Codigo IBGE;3516606;1;46081801
2026;Codigo IBGE;3517208;1;46081801
2026;Codigo IBGE;3517604;1;46081801
2026;Codigo IBGE;3517703;3;46081801
2026;Codigo IBGE;3517901;1;46081801
2026;Codigo IBGE;3518107;1;46081801
2026;Codigo IBGE;3518206;5;46081801
2026;Codigo IBGE;3518305;4;46081801
2026;Codigo IBGE;3518404;11;46081801
2026;Codigo IBGE;3518503;3;46081801
2026;Codigo IBGE;3518602;2;46081801
2026;Codigo IBGE;3518701;25;46081801
2026;Codigo IBGE;3518800;73;46081801
2026;Codigo IBGE;3518859;1;46081801
2026;Codigo IBGE;3519006;3;46081801
2026;Codigo IBGE;3519055;1;46081801
2026;Codigo IBGE;3519071;16;46081801
2026;Codigo IBGE;3519105;1;46081801
2026;Codigo IBGE;3519303;2;46081801
2026;Codigo IBGE;3519402;1;46081801
2026;Codigo IBGE;3519501;1;46081801
2026;Codigo IBGE;3519600;3;46081801
2026;Codigo IBGE;3519709;11;46081801
2026;Codigo IBGE;3519907;1;46081801
2026;Codigo IBGE;3520004;1;46081801
2026;Codigo IBGE;3520103;1;46081801
2026;Codigo IBGE;3520202;1;46081801
2026;Codigo IBGE;3520301;6;46081801
2026;Codigo IBGE;3520400;2;46081801
2026;Codigo IBGE;3520426;1;46081801
2026;Codigo IBGE;3520442;1;46081801
2026;Codigo IBGE;3520509;25;46081801
2026;Codigo IBGE;3520905;3;46081801
2026;Codigo IBGE;3521002;2;46081801
2026;Codigo IBGE;3521101;1;46081801
2026;Codigo IBGE;3521408;2;46081801
2026;Codigo IBGE;3521507;4;46081801
2026;Codigo IBGE;3521606;1;46081801
2026;Codigo IBGE;3521804;4;46081801
2026;Codigo IBGE;3521903;4;46081801
2026;Codigo IBGE;3522109;8;46081801
2026;Codigo IBGE;3522208;13;46081801
2026;Codigo IBGE;3522307;11;46081801
2026;Codigo IBGE;3522406;3;46081801
2026;Codigo IBGE;3522505;16;46081801
2026;Codigo IBGE;3522604;9;46081801
2026;Codigo IBGE;3522703;4;46081801
2026;Codigo IBGE;3522802;1;46081801
2026;Codigo IBGE;3523008;1;46081801
2026;Codigo IBGE;3523107;16;46081801
2026;Codigo IBGE;3523206;1;46081801
2026;Codigo IBGE;3523305;2;46081801
2026;Codigo IBGE;3523404;7;46081801
2026;Codigo IBGE;3523602;2;46081801
2026;Codigo IBGE;3523909;14;46081801
2026;Codigo IBGE;3524006;3;46081801
2026;Codigo IBGE;3524105;6;46081801
2026;Codigo IBGE;3524204;1;46081801
2026;Codigo IBGE;3524303;6;46081801
2026;Codigo IBGE;3524402;16;46081801
2026;Codigo IBGE;3524600;3;46081801
2026;Codigo IBGE;3524709;4;46081801
2026;Codigo IBGE;3524808;7;46081801
2026;Codigo IBGE;3525003;2;46081801
2026;Codigo IBGE;3525102;2;46081801
2026;Codigo IBGE;3525201;9;46081801
2026;Codigo IBGE;3525300;11;46081801
2026;Codigo IBGE;3525508;3;46081801
2026;Codigo IBGE;3525706;1;46081801
2026;Codigo IBGE;3525904;25;46081801
2026;Codigo IBGE;3526100;5;46081801
2026;Codigo IBGE;3526209;3;46081801
2026;Codigo IBGE;3526704;5;46081801
2026;Codigo IBGE;3526803;4;46081801
2026;Codigo IBGE;3526902;25;46081801
2026;Codigo IBGE;3527108;7;46081801
2026;Codigo IBGE;3527207;10;46081801
2026;Codigo IBGE;3527256;1;46081801
2026;Codigo IBGE;3527306;4;46081801
2026;Codigo IBGE;3527405;3;46081801
2026;Codigo IBGE;3527603;1;46081801
2026;Codigo IBGE;3527801;1;46081801
2026;Codigo IBGE;3528007;1;46081801
2026;Codigo IBGE;3528403;4;46081801
2026;Codigo IBGE;3528502;4;46081801
2026;Codigo IBGE;3528601;1;46081801
2026;Codigo IBGE;3528700;1;46081801
2026;Codigo IBGE;3528809;1;46081801
2026;Codigo IBGE;3528858;1;46081801
2026;Codigo IBGE;3529005;8;46081801
2026;Codigo IBGE;3529104;1;46081801
2026;Codigo IBGE;3529203;2;46081801
2026;Codigo IBGE;3529302;7;46081801
2026;Codigo IBGE;3529401;16;46081801
2026;Codigo IBGE;3529609;1;46081801
2026;Codigo IBGE;3529658;1;46081801
2026;Codigo IBGE;3529807;1;46081801
2026;Codigo IBGE;3529906;4;46081801
2026;Codigo IBGE;3530003;3;46081801
2026;Codigo IBGE;3530102;4;46081801
2026;Codigo IBGE;3530201;2;46081801
2026;Codigo IBGE;3530300;10;46081801
2026;Codigo IBGE;3530508;5;46081801
2026;Codigo IBGE;3530607;28;46081801
2026;Codigo IBGE;3530706;12;46081801
2026;Codigo IBGE;3530805;9;46081801
2026;Codigo IBGE;3531001;1;46081801
2026;Codigo IBGE;3531100;11;46081801
2026;Codigo IBGE;3531308;4;46081801
2026;Codigo IBGE;3531506;3;46081801
2026;Codigo IBGE;3531704;1;46081801
2026;Codigo IBGE;3531803;5;46081801
2026;Codigo IBGE;3531902;2;46081801
2026;Codigo IBGE;3532009;1;46081801
2026;Codigo IBGE;3532058;2;46081801
2026;Codigo IBGE;3532157;1;46081801
2026;Codigo IBGE;3532306;2;46081801
2026;Codigo IBGE;3532405;1;46081801
2026;Codigo IBGE;3532504;1;46081801
2026;Codigo IBGE;3532801;1;46081801
2026;Codigo IBGE;3532843;2;46081801
2026;Codigo IBGE;3533106;1;46081801
2026;Codigo IBGE;3533304;1;46081801
2026;Codigo IBGE;3533403;1;46081801
2026;Codigo IBGE;3533502;4;46081801
2026;Codigo IBGE;3533601;1;46081801
2026;Codigo IBGE;3533908;3;46081801
2026;Codigo IBGE;3534005;3;46081801
2026;Codigo IBGE;3534104;1;46081801
2026;Codigo IBGE;3534302;6;46081801
2026;Codigo IBGE;3534401;40;46081801
2026;Codigo IBGE;3534708;9;46081801
2026;Codigo IBGE;3534757;2;46081801
2026;Codigo IBGE;3534906;3;46081801
2026;Codigo IBGE;3535002;2;46081801
2026;Codigo IBGE;3535309;2;46081801
2026;Codigo IBGE;3535408;1;46081801
2026;Codigo IBGE;3535507;3;46081801
2026;Codigo IBGE;3535804;4;46081801
2026;Codigo IBGE;3536208;1;46081801
2026;Codigo IBGE;3536307;2;46081801
2026;Codigo IBGE;3536406;2;46081801
2026;Codigo IBGE;3536505;7;46081801
2026;Codigo IBGE;3536703;11;46081801
2026;Codigo IBGE;3537008;3;46081801
2026;Codigo IBGE;3537107;5;46081801
2026;Codigo IBGE;3537206;2;46081801
2026;Codigo IBGE;3537305;4;46081801
2026;Codigo IBGE;3537404;1;46081801
2026;Codigo IBGE;3537503;1;46081801
2026;Codigo IBGE;3537602;10;46081801
2026;Codigo IBGE;3537701;2;46081801
2026;Codigo IBGE;3537800;11;46081801
2026;Codigo IBGE;3537909;3;46081801
2026;Codigo IBGE;3538006;13;46081801
2026;Codigo IBGE;3538105;6;46081801
2026;Codigo IBGE;3538204;1;46081801
2026;Codigo IBGE;3538303;2;46081801
2026;Codigo IBGE;3538709;30;46081801
2026;Codigo IBGE;3538808;6;46081801
2026;Codigo IBGE;3538907;2;46081801
2026;Codigo IBGE;3539103;2;46081801
2026;Codigo IBGE;3539202;2;46081801
2026;Codigo IBGE;3539301;4;46081801
2026;Codigo IBGE;3539400;1;46081801
2026;Codigo IBGE;3539806;1;46081801
2026;Codigo IBGE;3539905;3;46081801
2026;Codigo IBGE;3540002;1;46081801
2026;Codigo IBGE;3540200;5;46081801
2026;Codigo IBGE;3540259;1;46081801
2026;Codigo IBGE;3540408;3;46081801
2026;Codigo IBGE;3540507;1;46081801
2026;Codigo IBGE;3540606;7;46081801
2026;Codigo IBGE;3540705;6;46081801
2026;Codigo IBGE;3540903;3;46081801
2026;Codigo IBGE;3541000;26;46081801
2026;Codigo IBGE;3541208;2;46081801
2026;Codigo IBGE;3541307;3;46081801
2026;Codigo IBGE;3541406;20;46081801
2026;Codigo IBGE;3541505;6;46081801
2026;Codigo IBGE;3541604;3;46081801
2026;Codigo IBGE;3541703;1;46081801
2026;Codigo IBGE;3541901;1;46081801
2026;Codigo IBGE;3542206;1;46081801
2026;Codigo IBGE;3542404;4;46081801
2026;Codigo IBGE;3542503;1;46081801
2026;Codigo IBGE;3542602;10;46081801
2026;Codigo IBGE;3542909;3;46081801
2026;Codigo IBGE;3543006;2;46081801
2026;Codigo IBGE;3543204;3;46081801
2026;Codigo IBGE;3543253;2;46081801
2026;Codigo IBGE;3543303;11;46081801
2026;Codigo IBGE;3543402;45;46081801
2026;Codigo IBGE;3543501;2;46081801
2026;Codigo IBGE;3543808;1;46081801
2026;Codigo IBGE;3543907;16;46081801
2026;Codigo IBGE;3544004;3;46081801
2026;Codigo IBGE;3544202;2;46081801
2026;Codigo IBGE;3544806;3;46081801
2026;Codigo IBGE;3545001;1;46081801
2026;Codigo IBGE;3545159;1;46081801
2026;Codigo IBGE;3545209;5;46081801
2026;Codigo IBGE;3545308;2;46081801
2026;Codigo IBGE;3545407;4;46081801
2026;Codigo IBGE;3545605;1;46081801
2026;Codigo IBGE;3545803;4;46081801
2026;Codigo IBGE;3546108;1;46081801
2026;Codigo IBGE;3546207;2;46081801
2026;Codigo IBGE;3546306;1;46081801
2026;Codigo IBGE;3546405;5;46081801
2026;Codigo IBGE;3546504;1;46081801
2026;Codigo IBGE;3546603;3;46081801
2026;Codigo IBGE;3546702;4;46081801
2026;Codigo IBGE;3546801;5;46081801
2026;Codigo IBGE;3547304;14;46081801
2026;Codigo IBGE;3547502;3;46081801
2026;Codigo IBGE;3547700;1;46081801
2026;Codigo IBGE;3547809;27;46081801
2026;Codigo IBGE;3547908;1;46081801
2026;Codigo IBGE;3548005;3;46081801
2026;Codigo IBGE;3548054;6;46081801
2026;Codigo IBGE;3548203;2;46081801
2026;Codigo IBGE;3548401;1;46081801
2026;Codigo IBGE;3548500;19;46081801
2026;Codigo IBGE;3548708;56;46081801
2026;Codigo IBGE;3548807;2;46081801
2026;Codigo IBGE;3548906;16;46081801
2026;Codigo IBGE;3549102;7;46081801
2026;Codigo IBGE;3549409;2;46081801
2026;Codigo IBGE;3549805;26;46081801
2026;Codigo IBGE;3549904;39;46081801
2026;Codigo IBGE;3549953;2;46081801
2026;Codigo IBGE;3550001;1;46081801
2026;Codigo IBGE;3550100;4;46081801
2026;Codigo IBGE;3550209;1;46081801
2026;Codigo IBGE;3550308;484;46081801
2026;Codigo IBGE;3550407;3;46081801
2026;Codigo IBGE;3550506;1;46081801
2026;Codigo IBGE;3550605;10;46081801
2026;Codigo IBGE;3550704;9;46081801
2026;Codigo IBGE;3550803;3;46081801
2026;Codigo IBGE;3550902;2;46081801
2026;Codigo IBGE;3551009;15;46081801
2026;Codigo IBGE;3551207;1;46081801
2026;Codigo IBGE;3551405;1;46081801
2026;Codigo IBGE;3551504;2;46081801
2026;Codigo IBGE;3551603;2;46081801
2026;Codigo IBGE;3551702;14;46081801
2026;Codigo IBGE;3551801;4;46081801
2026;Codigo IBGE;3551900;6;46081801
2026;Codigo IBGE;3552007;1;46081801
2026;Codigo IBGE;3552106;4;46081801
2026;Codigo IBGE;3552205;45;46081801
2026;Codigo IBGE;3552403;8;46081801
2026;Codigo IBGE;3552502;12;46081801
2026;Codigo IBGE;3552700;3;46081801
2026;Codigo IBGE;3552809;20;46081801
2026;Codigo IBGE;3552908;2;46081801
2026;Codigo IBGE;3553203;1;46081801
2026;Codigo IBGE;3553401;1;46081801
2026;Codigo IBGE;3553500;1;46081801
2026;Codigo IBGE;3553708;8;46081801
2026;Codigo IBGE;3553807;3;46081801
2026;Codigo IBGE;3553856;1;46081801
2026;Codigo IBGE;3553955;1;46081801
2026;Codigo IBGE;3554003;9;46081801
2026;Codigo IBGE;3554102;31;46081801
2026;Codigo IBGE;3554201;2;46081801
2026;Codigo IBGE;3554300;3;46081801
2026;Codigo IBGE;3554409;3;46081801
2026;Codigo IBGE;3554508;5;46081801
2026;Codigo IBGE;3554805;4;46081801
2026;Codigo IBGE;3554953;2;46081801
2026;Codigo IBGE;3555000;8;46081801
2026;Codigo IBGE;3555109;5;46081801
2026;Codigo IBGE;3555356;1;46081801
2026;Codigo IBGE;3555406;12;46081801
2026;Codigo IBGE;3555802;2;46081801
2026;Codigo IBGE;3556107;3;46081801
2026;Codigo IBGE;3556206;8;46081801
2026;Codigo IBGE;3556354;2;46081801
2026;Codigo IBGE;3556404;2;46081801
2026;Codigo IBGE;3556453;1;46081801
2026;Codigo IBGE;3556503;5;46081801
2026;Codigo IBGE;3556602;8;46081801
2026;Codigo IBGE;3556701;5;46081801
2026;Codigo IBGE;3556800;5;46081801
2026;Codigo IBGE;3557006;8;46081801
2026;Codigo IBGE;3557105;6;46081801
2026;Codigo IBGE;3557303;2;46081801
2014;Tipo de via;NAO DISPONIVEL;1;44035304
2014;Tipo de via;VIAS URBANAS;10;44035304
2015;Tipo de via;ESTRADAS E RODOVIAS;1954;44396484
2015;Tipo de via;NAO DISPONIVEL;29;44396484
2015;Tipo de via;VIAS URBANAS;4331;44396484
2016;Tipo de via;ESTRADAS E RODOVIAS;1957;44749699
2016;Tipo de via;NAO DISPONIVEL;152;44749699
2016;Tipo de via;VIAS URBANAS;3631;44749699
2017;Tipo de via;ESTRADAS E RODOVIAS;2047;45094866
2017;Tipo de via;NAO DISPONIVEL;407;45094866
2017;Tipo de via;VIAS URBANAS;2956;45094866
2018;Tipo de via;ESTRADAS E RODOVIAS;2367;45538936
2018;Tipo de via;NAO DISPONIVEL;259;45538936
2018;Tipo de via;VIAS URBANAS;2608;45538936
2019;Tipo de via;ESTRADAS E RODOVIAS;2433;45919049
2019;Tipo de via;NAO DISPONIVEL;181;45919049
2019;Tipo de via;VIAS URBANAS;2557;45919049
2020;Tipo de via;ESTRADAS E RODOVIAS;2158;46289333
2020;Tipo de via;NAO DISPONIVEL;282;46289333
2020;Tipo de via;VIAS URBANAS;2402;46289333
2021;Tipo de via;ESTRADAS E RODOVIAS;2170;46649132
2021;Tipo de via;NAO DISPONIVEL;307;46649132
2021;Tipo de via;VIAS URBANAS;2381;46649132
2022;Tipo de via;ESTRADAS E RODOVIAS;2364;46649132
2022;Tipo de via;NAO DISPONIVEL;327;46649132
2022;Tipo de via;VIAS URBANAS;2749;46649132
2023;Tipo de via;ESTRADAS E RODOVIAS;2362;46311163
2023;Tipo de via;NAO DISPONIVEL;277;46311163
2023;Tipo de via;VIAS URBANAS;2849;46311163
2024;Tipo de via;ESTRADAS E RODOVIAS;2556;45973194
2024;Tipo de via;NAO DISPONIVEL;338;45973194
2024;Tipo de via;VIAS URBANAS;3283;45973194
2025;Tipo de via;ESTRADAS E RODOVIAS;2553;46081801
2025;Tipo de via;NAO DISPONIVEL;294;46081801
2025;Tipo de via;VIAS URBANAS;3278;46081801
2026;Tipo de via;ESTRADAS E RODOVIAS;1171;46081801
2026;Tipo de via;NAO DISPONIVEL;151;46081801
2026;Tipo de via;VIAS URBANAS;1524;46081801
2014;Sexo;MASCULINO;11;44035304
2015;Sexo;FEMININO;1072;44396484
2015;Sexo;MASCULINO;4906;44396484
2015;Sexo;NAO DISPONIVEL;336;44396484
2016;Sexo;FEMININO;1053;44749699
2016;Sexo;MASCULINO;4567;44749699
2016;Sexo;NAO DISPONIVEL;120;44749699
2017;Sexo;FEMININO;985;45094866
2017;Sexo;MASCULINO;4400;45094866
2017;Sexo;NAO DISPONIVEL;25;45094866
2018;Sexo;FEMININO;954;45538936
2018;Sexo;MASCULINO;4269;45538936
2018;Sexo;NAO DISPONIVEL;11;45538936
2019;Sexo;FEMININO;967;45919049
2019;Sexo;MASCULINO;4198;45919049
2019;Sexo;NAO DISPONIVEL;6;45919049
2020;Sexo;FEMININO;792;46289333
2020;Sexo;MASCULINO;4039;46289333
2020;Sexo;NAO DISPONIVEL;11;46289333
2021;Sexo;FEMININO;739;46649132
2021;Sexo;MASCULINO;4093;46649132
2021;Sexo;NAO DISPONIVEL;26;46649132
2022;Sexo;FEMININO;936;46649132
2022;Sexo;MASCULINO;4483;46649132
2022;Sexo;NAO DISPONIVEL;21;46649132
2023;Sexo;FEMININO;944;46311163
2023;Sexo;MASCULINO;4525;46311163
2023;Sexo;NAO DISPONIVEL;19;46311163
2024;Sexo;FEMININO;1066;45973194
2024;Sexo;MASCULINO;5087;45973194
2024;Sexo;NAO DISPONIVEL;24;45973194
2025;Sexo;FEMININO;1154;46081801
2025;Sexo;MASCULINO;4956;46081801
2025;Sexo;NAO DISPONIVEL;15;46081801
2026;Sexo;FEMININO;489;46081801
2026;Sexo;MASCULINO;2350;46081801
2026;Sexo;NAO DISPONIVEL;7;46081801
2014;Modo de transporte;AUTOMOVEL;1;44035304
2014;Modo de transporte;BICICLETA;2;44035304
2014;Modo de transporte;NAO DISPONIVEL;2;44035304
2014;Modo de transporte;PEDESTRE;6;44035304
2015;Modo de transporte;AUTOMOVEL;1575;44396484
2015;Modo de transporte;BICICLETA;295;44396484
2015;Modo de transporte;CAMINHAO;203;44396484
2015;Modo de transporte;MOTOCICLETA;1870;44396484
2015;Modo de transporte;NAO DISPONIVEL;595;44396484
2015;Modo de transporte;ONIBUS;32;44396484
2015;Modo de transporte;OUTROS;63;44396484
2015;Modo de transporte;PEDESTRE;1681;44396484
2016;Modo de transporte;AUTOMOVEL;1466;44749699
2016;Modo de transporte;BICICLETA;347;44749699
2016;Modo de transporte;CAMINHAO;158;44749699
2016;Modo de transporte;MOTOCICLETA;1782;44749699
2016;Modo de transporte;NAO DISPONIVEL;406;44749699
2016;Modo de transporte;ONIBUS;54;44749699
2016;Modo de transporte;OUTROS;44;44749699
2016;Modo de transporte;PEDESTRE;1483;44749699
2017;Modo de transporte;AUTOMOVEL;1294;45094866
2017;Modo de transporte;BICICLETA;339;45094866
2017;Modo de transporte;CAMINHAO;166;45094866
2017;Modo de transporte;MOTOCICLETA;1830;45094866
2017;Modo de transporte;NAO DISPONIVEL;200;45094866
2017;Modo de transporte;ONIBUS;46;45094866
2017;Modo de transporte;OUTROS;16;45094866
2017;Modo de transporte;PEDESTRE;1519;45094866
2018;Modo de transporte;AUTOMOVEL;1339;45538936
2018;Modo de transporte;BICICLETA;373;45538936
2018;Modo de transporte;CAMINHAO;180;45538936
2018;Modo de transporte;MOTOCICLETA;1837;45538936
2018;Modo de transporte;NAO DISPONIVEL;90;45538936
2018;Modo de transporte;ONIBUS;34;45538936
2018;Modo de transporte;OUTROS;29;45538936
2018;Modo de transporte;PEDESTRE;1352;45538936
2019;Modo de transporte;AUTOMOVEL;1349;45919049
2019;Modo de transporte;BICICLETA;372;45919049
2019;Modo de transporte;CAMINHAO;173;45919049
2019;Modo de transporte;MOTOCICLETA;1853;45919049
2019;Modo de transporte;NAO DISPONIVEL;49;45919049
2019;Modo de transporte;ONIBUS;60;45919049
2019;Modo de transporte;OUTROS;20;45919049
2019;Modo de transporte;PEDESTRE;1295;45919049
2020;Modo de transporte;AUTOMOVEL;1217;46289333
2020;Modo de transporte;BICICLETA;392;46289333
2020;Modo de transporte;CAMINHAO;189;46289333
2020;Modo de transporte;MOTOCICLETA;1849;46289333
2020;Modo de transporte;NAO DISPONIVEL;76;46289333
2020;Modo de transporte;ONIBUS;61;46289333
2020;Modo de transporte;OUTROS;15;46289333
2020;Modo de transporte;PEDESTRE;1043;46289333
2021;Modo de transporte;AUTOMOVEL;1193;46649132
2021;Modo de transporte;BICICLETA;320;46649132
2021;Modo de transporte;CAMINHAO;211;46649132
2021;Modo de transporte;MOTOCICLETA;1944;46649132
2021;Modo de transporte;NAO DISPONIVEL;106;46649132
2021;Modo de transporte;ONIBUS;19;46649132
2021;Modo de transporte;OUTROS;22;46649132
2021;Modo de transporte;PEDESTRE;1043;46649132
2022;Modo de transporte;AUTOMOVEL;1295;46649132
2022;Modo de transporte;BICICLETA;362;46649132
2022;Modo de transporte;CAMINHAO;197;46649132
2022;Modo de transporte;MOTOCICLETA;2130;46649132
2022;Modo de transporte;NAO DISPONIVEL;124;46649132
2022;Modo de transporte;ONIBUS;39;46649132
2022;Modo de transporte;OUTROS;13;46649132
2022;Modo de transporte;PEDESTRE;1280;46649132
2023;Modo de transporte;AUTOMOVEL;1238;46311163
2023;Modo de transporte;BICICLETA;360;46311163
2023;Modo de transporte;CAMINHAO;188;46311163
2023;Modo de transporte;MOTOCICLETA;2280;46311163
2023;Modo de transporte;NAO DISPONIVEL;91;46311163
2023;Modo de transporte;ONIBUS;41;46311163
2023;Modo de transporte;OUTROS;23;46311163
2023;Modo de transporte;PEDESTRE;1267;46311163
2024;Modo de transporte;AUTOMOVEL;1366;45973194
2024;Modo de transporte;BICICLETA;400;45973194
2024;Modo de transporte;CAMINHAO;203;45973194
2024;Modo de transporte;MOTOCICLETA;2670;45973194
2024;Modo de transporte;NAO DISPONIVEL;73;45973194
2024;Modo de transporte;ONIBUS;41;45973194
2024;Modo de transporte;OUTROS;34;45973194
2024;Modo de transporte;PEDESTRE;1390;45973194
2025;Modo de transporte;AUTOMOVEL;1305;46081801
2025;Modo de transporte;BICICLETA;410;46081801
2025;Modo de transporte;CAMINHAO;235;46081801
2025;Modo de transporte;MOTOCICLETA;2644;46081801
2025;Modo de transporte;NAO DISPONIVEL;90;46081801
2025;Modo de transporte;ONIBUS;36;46081801
2025;Modo de transporte;OUTROS;29;46081801
2025;Modo de transporte;PEDESTRE;1376;46081801
2026;Modo de transporte;AUTOMOVEL;533;46081801
2026;Modo de transporte;BICICLETA;181;46081801
2026;Modo de transporte;CAMINHAO;87;46081801
2026;Modo de transporte;MOTOCICLETA;1316;46081801
2026;Modo de transporte;NAO DISPONIVEL;44;46081801
2026;Modo de transporte;ONIBUS;17;46081801
2026;Modo de transporte;OUTROS;14;46081801
2026;Modo de transporte;PEDESTRE;654;46081801
2014;Faixa etaria;15 a 19;1;44035304
2014;Faixa etaria;20 a 24;1;44035304
2014;Faixa etaria;30 a 34;2;44035304
2014;Faixa etaria;45 a 49;1;44035304
2014;Faixa etaria;50 a 54;3;44035304
2014;Faixa etaria;60 a 64;1;44035304
2014;Faixa etaria;65 a 69;1;44035304
2014;Faixa etaria;80 a 84;1;44035304
2015;Faixa etaria;00 a 04;48;44396484
2015;Faixa etaria;05 a 09;38;44396484
2015;Faixa etaria;10 a 14;85;44396484
2015;Faixa etaria;15 a 19;465;44396484
2015;Faixa etaria;20 a 24;740;44396484
2015;Faixa etaria;25 a 29;656;44396484
2015;Faixa etaria;30 a 34;601;44396484
2015;Faixa etaria;35 a 39;542;44396484
2015;Faixa etaria;40 a 44;520;44396484
2015;Faixa etaria;45 a 49;435;44396484
2015;Faixa etaria;50 a 54;403;44396484
2015;Faixa etaria;55 a 59;340;44396484
2015;Faixa etaria;60 a 64;289;44396484
2015;Faixa etaria;65 a 69;225;44396484
2015;Faixa etaria;70 a 74;203;44396484
2015;Faixa etaria;75 a 79;133;44396484
2015;Faixa etaria;80 a 84;116;44396484
2015;Faixa etaria;85 a 89;64;44396484
2015;Faixa etaria;90 e +;24;44396484
2015;Faixa etaria;NAO DISPONIVEL;387;44396484
2016;Faixa etaria;00 a 04;45;44749699
2016;Faixa etaria;05 a 09;35;44749699
2016;Faixa etaria;10 a 14;72;44749699
2016;Faixa etaria;15 a 19;374;44749699
2016;Faixa etaria;20 a 24;687;44749699
2016;Faixa etaria;25 a 29;597;44749699
2016;Faixa etaria;30 a 34;556;44749699
2016;Faixa etaria;35 a 39;541;44749699
2016;Faixa etaria;40 a 44;424;44749699
2016;Faixa etaria;45 a 49;425;44749699
2016;Faixa etaria;50 a 54;366;44749699
2016;Faixa etaria;55 a 59;312;44749699
2016;Faixa etaria;60 a 64;290;44749699
2016;Faixa etaria;65 a 69;227;44749699
2016;Faixa etaria;70 a 74;186;44749699
2016;Faixa etaria;75 a 79;137;44749699
2016;Faixa etaria;80 a 84;116;44749699
2016;Faixa etaria;85 a 89;53;44749699
2016;Faixa etaria;90 e +;21;44749699
2016;Faixa etaria;NAO DISPONIVEL;276;44749699
2017;Faixa etaria;00 a 04;46;45094866
2017;Faixa etaria;05 a 09;44;45094866
2017;Faixa etaria;10 a 14;56;45094866
2017;Faixa etaria;15 a 19;343;45094866
2017;Faixa etaria;20 a 24;661;45094866
2017;Faixa etaria;25 a 29;577;45094866
2017;Faixa etaria;30 a 34;521;45094866
2017;Faixa etaria;35 a 39;492;45094866
2017;Faixa etaria;40 a 44;425;45094866
2017;Faixa etaria;45 a 49;416;45094866
2017;Faixa etaria;50 a 54;398;45094866
2017;Faixa etaria;55 a 59;298;45094866
2017;Faixa etaria;60 a 64;248;45094866
2017;Faixa etaria;65 a 69;224;45094866
2017;Faixa etaria;70 a 74;136;45094866
2017;Faixa etaria;75 a 79;151;45094866
2017;Faixa etaria;80 a 84;93;45094866
2017;Faixa etaria;85 a 89;51;45094866
2017;Faixa etaria;90 e +;12;45094866
2017;Faixa etaria;NAO DISPONIVEL;218;45094866
2018;Faixa etaria;00 a 04;56;45538936
2018;Faixa etaria;05 a 09;27;45538936
2018;Faixa etaria;10 a 14;66;45538936
2018;Faixa etaria;15 a 19;328;45538936
2018;Faixa etaria;20 a 24;657;45538936
2018;Faixa etaria;25 a 29;539;45538936
2018;Faixa etaria;30 a 34;500;45538936
2018;Faixa etaria;35 a 39;426;45538936
2018;Faixa etaria;40 a 44;399;45538936
2018;Faixa etaria;45 a 49;363;45538936
2018;Faixa etaria;50 a 54;339;45538936
2018;Faixa etaria;55 a 59;294;45538936
2018;Faixa etaria;60 a 64;281;45538936
2018;Faixa etaria;65 a 69;213;45538936
2018;Faixa etaria;70 a 74;162;45538936
2018;Faixa etaria;75 a 79;136;45538936
2018;Faixa etaria;80 a 84;85;45538936
2018;Faixa etaria;85 a 89;54;45538936
2018;Faixa etaria;90 e +;16;45538936
2018;Faixa etaria;NAO DISPONIVEL;293;45538936
2019;Faixa etaria;00 a 04;36;45919049
2019;Faixa etaria;05 a 09;35;45919049
2019;Faixa etaria;10 a 14;37;45919049
2019;Faixa etaria;15 a 19;284;45919049
2019;Faixa etaria;20 a 24;633;45919049
2019;Faixa etaria;25 a 29;501;45919049
2019;Faixa etaria;30 a 34;484;45919049
2019;Faixa etaria;35 a 39;476;45919049
2019;Faixa etaria;40 a 44;426;45919049
2019;Faixa etaria;45 a 49;389;45919049
2019;Faixa etaria;50 a 54;356;45919049
2019;Faixa etaria;55 a 59;309;45919049
2019;Faixa etaria;60 a 64;268;45919049
2019;Faixa etaria;65 a 69;237;45919049
2019;Faixa etaria;70 a 74;173;45919049
2019;Faixa etaria;75 a 79;156;45919049
2019;Faixa etaria;80 a 84;96;45919049
2019;Faixa etaria;85 a 89;44;45919049
2019;Faixa etaria;90 e +;20;45919049
2019;Faixa etaria;NAO DISPONIVEL;211;45919049
2020;Faixa etaria;00 a 04;40;46289333
2020;Faixa etaria;05 a 09;25;46289333
2020;Faixa etaria;10 a 14;37;46289333
2020;Faixa etaria;15 a 19;277;46289333
2020;Faixa etaria;20 a 24;631;46289333
2020;Faixa etaria;25 a 29;463;46289333
2020;Faixa etaria;30 a 34;475;46289333
2020;Faixa etaria;35 a 39;466;46289333
2020;Faixa etaria;40 a 44;408;46289333
2020;Faixa etaria;45 a 49;333;46289333
2020;Faixa etaria;50 a 54;317;46289333
2020;Faixa etaria;55 a 59;297;46289333
2020;Faixa etaria;60 a 64;246;46289333
2020;Faixa etaria;65 a 69;175;46289333
2020;Faixa etaria;70 a 74;124;46289333
2020;Faixa etaria;75 a 79;103;46289333
2020;Faixa etaria;80 a 84;67;46289333
2020;Faixa etaria;85 a 89;34;46289333
2020;Faixa etaria;90 e +;11;46289333
2020;Faixa etaria;NAO DISPONIVEL;313;46289333
2021;Faixa etaria;00 a 04;29;46649132
2021;Faixa etaria;05 a 09;31;46649132
2021;Faixa etaria;10 a 14;31;46649132
2021;Faixa etaria;15 a 19;243;46649132
2021;Faixa etaria;20 a 24;629;46649132
2021;Faixa etaria;25 a 29;503;46649132
2021;Faixa etaria;30 a 34;473;46649132
2021;Faixa etaria;35 a 39;470;46649132
2021;Faixa etaria;40 a 44;420;46649132
2021;Faixa etaria;45 a 49;361;46649132
2021;Faixa etaria;50 a 54;309;46649132
2021;Faixa etaria;55 a 59;265;46649132
2021;Faixa etaria;60 a 64;229;46649132
2021;Faixa etaria;65 a 69;188;46649132
2021;Faixa etaria;70 a 74;134;46649132
2021;Faixa etaria;75 a 79;75;46649132
2021;Faixa etaria;80 a 84;55;46649132
2021;Faixa etaria;85 a 89;25;46649132
2021;Faixa etaria;90 e +;13;46649132
2021;Faixa etaria;NAO DISPONIVEL;375;46649132
2022;Faixa etaria;00 a 04;27;46649132
2022;Faixa etaria;05 a 09;23;46649132
2022;Faixa etaria;10 a 14;38;46649132
2022;Faixa etaria;15 a 19;277;46649132
2022;Faixa etaria;20 a 24;667;46649132
2022;Faixa etaria;25 a 29;531;46649132
2022;Faixa etaria;30 a 34;500;46649132
2022;Faixa etaria;35 a 39;475;46649132
2022;Faixa etaria;40 a 44;515;46649132
2022;Faixa etaria;45 a 49;441;46649132
2022;Faixa etaria;50 a 54;343;46649132
2022;Faixa etaria;55 a 59;366;46649132
2022;Faixa etaria;60 a 64;250;46649132
2022;Faixa etaria;65 a 69;223;46649132
2022;Faixa etaria;70 a 74;185;46649132
2022;Faixa etaria;75 a 79;140;46649132
2022;Faixa etaria;80 a 84;80;46649132
2022;Faixa etaria;85 a 89;33;46649132
2022;Faixa etaria;90 e +;15;46649132
2022;Faixa etaria;NAO DISPONIVEL;311;46649132
2023;Faixa etaria;00 a 04;22;46311163
2023;Faixa etaria;05 a 09;20;46311163
2023;Faixa etaria;10 a 14;49;46311163
2023;Faixa etaria;15 a 19;309;46311163
2023;Faixa etaria;20 a 24;658;46311163
2023;Faixa etaria;25 a 29;581;46311163
2023;Faixa etaria;30 a 34;462;46311163
2023;Faixa etaria;35 a 39;489;46311163
2023;Faixa etaria;40 a 44;497;46311163
2023;Faixa etaria;45 a 49;397;46311163
2023;Faixa etaria;50 a 54;366;46311163
2023;Faixa etaria;55 a 59;336;46311163
2023;Faixa etaria;60 a 64;254;46311163
2023;Faixa etaria;65 a 69;245;46311163
2023;Faixa etaria;70 a 74;185;46311163
2023;Faixa etaria;75 a 79;147;46311163
2023;Faixa etaria;80 a 84;109;46311163
2023;Faixa etaria;85 a 89;39;46311163
2023;Faixa etaria;90 e +;17;46311163
2023;Faixa etaria;NAO DISPONIVEL;306;46311163
2024;Faixa etaria;00 a 04;37;45973194
2024;Faixa etaria;05 a 09;31;45973194
2024;Faixa etaria;10 a 14;43;45973194
2024;Faixa etaria;15 a 19;322;45973194
2024;Faixa etaria;20 a 24;766;45973194
2024;Faixa etaria;25 a 29;674;45973194
2024;Faixa etaria;30 a 34;528;45973194
2024;Faixa etaria;35 a 39;537;45973194
2024;Faixa etaria;40 a 44;551;45973194
2024;Faixa etaria;45 a 49;463;45973194
2024;Faixa etaria;50 a 54;380;45973194
2024;Faixa etaria;55 a 59;378;45973194
2024;Faixa etaria;60 a 64;358;45973194
2024;Faixa etaria;65 a 69;277;45973194
2024;Faixa etaria;70 a 74;211;45973194
2024;Faixa etaria;75 a 79;171;45973194
2024;Faixa etaria;80 a 84;102;45973194
2024;Faixa etaria;85 a 89;72;45973194
2024;Faixa etaria;90 e +;17;45973194
2024;Faixa etaria;NAO DISPONIVEL;259;45973194
2025;Faixa etaria;00 a 04;37;46081801
2025;Faixa etaria;05 a 09;27;46081801
2025;Faixa etaria;10 a 14;41;46081801
2025;Faixa etaria;15 a 19;344;46081801
2025;Faixa etaria;20 a 24;735;46081801
2025;Faixa etaria;25 a 29;648;46081801
2025;Faixa etaria;30 a 34;541;46081801
2025;Faixa etaria;35 a 39;529;46081801
2025;Faixa etaria;40 a 44;549;46081801
2025;Faixa etaria;45 a 49;460;46081801
2025;Faixa etaria;50 a 54;420;46081801
2025;Faixa etaria;55 a 59;384;46081801
2025;Faixa etaria;60 a 64;307;46081801
2025;Faixa etaria;65 a 69;324;46081801
2025;Faixa etaria;70 a 74;229;46081801
2025;Faixa etaria;75 a 79;179;46081801
2025;Faixa etaria;80 a 84;107;46081801
2025;Faixa etaria;85 a 89;57;46081801
2025;Faixa etaria;90 e +;25;46081801
2025;Faixa etaria;NAO DISPONIVEL;182;46081801
2026;Faixa etaria;00 a 04;7;46081801
2026;Faixa etaria;05 a 09;14;46081801
2026;Faixa etaria;10 a 14;19;46081801
2026;Faixa etaria;15 a 19;175;46081801
2026;Faixa etaria;20 a 24;330;46081801
2026;Faixa etaria;25 a 29;312;46081801
2026;Faixa etaria;30 a 34;241;46081801
2026;Faixa etaria;35 a 39;226;46081801
2026;Faixa etaria;40 a 44;275;46081801
2026;Faixa etaria;45 a 49;246;46081801
2026;Faixa etaria;50 a 54;164;46081801
2026;Faixa etaria;55 a 59;180;46081801
2026;Faixa etaria;60 a 64;169;46081801
2026;Faixa etaria;65 a 69;112;46081801
2026;Faixa etaria;70 a 74;118;46081801
2026;Faixa etaria;75 a 79;66;46081801
2026;Faixa etaria;80 a 84;63;46081801
2026;Faixa etaria;85 a 89;31;46081801
2026;Faixa etaria;90 e +;12;46081801
2026;Faixa etaria;NAO DISPONIVEL;86;46081801
2014;Faixa etaria_legal;0-17;1;44035304
2014;Faixa etaria_legal;18-24;1;44035304
2014;Faixa etaria_legal;30-34;2;44035304
2014;Faixa etaria_legal;45-49;1;44035304
2014;Faixa etaria_legal;50-54;3;44035304
2014;Faixa etaria_legal;60-64;1;44035304
2014;Faixa etaria_legal;65-69;1;44035304
2014;Faixa etaria_legal;80 ou mais;1;44035304
2015;Faixa etaria_legal;0-17;360;44396484
2015;Faixa etaria_legal;18-24;1016;44396484
2015;Faixa etaria_legal;25-29;656;44396484
2015;Faixa etaria_legal;30-34;601;44396484
2015;Faixa etaria_legal;35-39;542;44396484
2015;Faixa etaria_legal;40-44;520;44396484
2015;Faixa etaria_legal;45-49;435;44396484
2015;Faixa etaria_legal;50-54;403;44396484
2015;Faixa etaria_legal;55-59;340;44396484
2015;Faixa etaria_legal;60-64;289;44396484
2015;Faixa etaria_legal;65-69;225;44396484
2015;Faixa etaria_legal;70-74;203;44396484
2015;Faixa etaria_legal;75-79;133;44396484
2015;Faixa etaria_legal;80 ou mais;204;44396484
2015;Faixa etaria_legal;NAO DISPONIVEL;387;44396484
2016;Faixa etaria_legal;0-17;301;44749699
2016;Faixa etaria_legal;18-24;912;44749699
2016;Faixa etaria_legal;25-29;597;44749699
2016;Faixa etaria_legal;30-34;556;44749699
2016;Faixa etaria_legal;35-39;541;44749699
2016;Faixa etaria_legal;40-44;424;44749699
2016;Faixa etaria_legal;45-49;425;44749699
2016;Faixa etaria_legal;50-54;366;44749699
2016;Faixa etaria_legal;55-59;312;44749699
2016;Faixa etaria_legal;60-64;290;44749699
2016;Faixa etaria_legal;65-69;227;44749699
2016;Faixa etaria_legal;70-74;186;44749699
2016;Faixa etaria_legal;75-79;137;44749699
2016;Faixa etaria_legal;80 ou mais;190;44749699
2016;Faixa etaria_legal;NAO DISPONIVEL;276;44749699
2017;Faixa etaria_legal;0-17;280;45094866
2017;Faixa etaria_legal;18-24;870;45094866
2017;Faixa etaria_legal;25-29;577;45094866
2017;Faixa etaria_legal;30-34;521;45094866
2017;Faixa etaria_legal;35-39;492;45094866
2017;Faixa etaria_legal;40-44;425;45094866
2017;Faixa etaria_legal;45-49;416;45094866
2017;Faixa etaria_legal;50-54;398;45094866
2017;Faixa etaria_legal;55-59;298;45094866
2017;Faixa etaria_legal;60-64;248;45094866
2017;Faixa etaria_legal;65-69;224;45094866
2017;Faixa etaria_legal;70-74;136;45094866
2017;Faixa etaria_legal;75-79;151;45094866
2017;Faixa etaria_legal;80 ou mais;156;45094866
2017;Faixa etaria_legal;NAO DISPONIVEL;218;45094866
2018;Faixa etaria_legal;0-17;267;45538936
2018;Faixa etaria_legal;18-24;867;45538936
2018;Faixa etaria_legal;25-29;539;45538936
2018;Faixa etaria_legal;30-34;500;45538936
2018;Faixa etaria_legal;35-39;426;45538936
2018;Faixa etaria_legal;40-44;399;45538936
2018;Faixa etaria_legal;45-49;363;45538936
2018;Faixa etaria_legal;50-54;339;45538936
2018;Faixa etaria_legal;55-59;294;45538936
2018;Faixa etaria_legal;60-64;281;45538936
2018;Faixa etaria_legal;65-69;213;45538936
2018;Faixa etaria_legal;70-74;162;45538936
2018;Faixa etaria_legal;75-79;136;45538936
2018;Faixa etaria_legal;80 ou mais;155;45538936
2018;Faixa etaria_legal;NAO DISPONIVEL;293;45538936
2019;Faixa etaria_legal;0-17;196;45919049
2019;Faixa etaria_legal;18-24;829;45919049
2019;Faixa etaria_legal;25-29;501;45919049
2019;Faixa etaria_legal;30-34;484;45919049
2019;Faixa etaria_legal;35-39;476;45919049
2019;Faixa etaria_legal;40-44;426;45919049
2019;Faixa etaria_legal;45-49;389;45919049
2019;Faixa etaria_legal;50-54;356;45919049
2019;Faixa etaria_legal;55-59;309;45919049
2019;Faixa etaria_legal;60-64;268;45919049
2019;Faixa etaria_legal;65-69;237;45919049
2019;Faixa etaria_legal;70-74;173;45919049
2019;Faixa etaria_legal;75-79;156;45919049
2019;Faixa etaria_legal;80 ou mais;160;45919049
2019;Faixa etaria_legal;NAO DISPONIVEL;211;45919049
2020;Faixa etaria_legal;0-17;200;46289333
2020;Faixa etaria_legal;18-24;810;46289333
2020;Faixa etaria_legal;25-29;463;46289333
2020;Faixa etaria_legal;30-34;475;46289333
2020;Faixa etaria_legal;35-39;466;46289333
2020;Faixa etaria_legal;40-44;408;46289333
2020;Faixa etaria_legal;45-49;333;46289333
2020;Faixa etaria_legal;50-54;317;46289333
2020;Faixa etaria_legal;55-59;297;46289333
2020;Faixa etaria_legal;60-64;246;46289333
2020;Faixa etaria_legal;65-69;175;46289333
2020;Faixa etaria_legal;70-74;124;46289333
2020;Faixa etaria_legal;75-79;103;46289333
2020;Faixa etaria_legal;80 ou mais;112;46289333
2020;Faixa etaria_legal;NAO DISPONIVEL;313;46289333
2021;Faixa etaria_legal;0-17;161;46649132
2021;Faixa etaria_legal;18-24;802;46649132
2021;Faixa etaria_legal;25-29;503;46649132
2021;Faixa etaria_legal;30-34;473;46649132
2021;Faixa etaria_legal;35-39;470;46649132
2021;Faixa etaria_legal;40-44;420;46649132
2021;Faixa etaria_legal;45-49;361;46649132
2021;Faixa etaria_legal;50-54;309;46649132
2021;Faixa etaria_legal;55-59;265;46649132
2021;Faixa etaria_legal;60-64;229;46649132
2021;Faixa etaria_legal;65-69;188;46649132
2021;Faixa etaria_legal;70-74;134;46649132
2021;Faixa etaria_legal;75-79;75;46649132
2021;Faixa etaria_legal;80 ou mais;93;46649132
2021;Faixa etaria_legal;NAO DISPONIVEL;375;46649132
2022;Faixa etaria_legal;0-17;175;46649132
2022;Faixa etaria_legal;18-24;857;46649132
2022;Faixa etaria_legal;25-29;531;46649132
2022;Faixa etaria_legal;30-34;500;46649132
2022;Faixa etaria_legal;35-39;475;46649132
2022;Faixa etaria_legal;40-44;515;46649132
2022;Faixa etaria_legal;45-49;441;46649132
2022;Faixa etaria_legal;50-54;343;46649132
2022;Faixa etaria_legal;55-59;366;46649132
2022;Faixa etaria_legal;60-64;250;46649132
2022;Faixa etaria_legal;65-69;223;46649132
2022;Faixa etaria_legal;70-74;185;46649132
2022;Faixa etaria_legal;75-79;140;46649132
2022;Faixa etaria_legal;80 ou mais;128;46649132
2022;Faixa etaria_legal;NAO DISPONIVEL;311;46649132
2023;Faixa etaria_legal;0-17;207;46311163
2023;Faixa etaria_legal;18-24;851;46311163
2023;Faixa etaria_legal;25-29;581;46311163
2023;Faixa etaria_legal;30-34;462;46311163
2023;Faixa etaria_legal;35-39;489;46311163
2023;Faixa etaria_legal;40-44;497;46311163
2023;Faixa etaria_legal;45-49;397;46311163
2023;Faixa etaria_legal;50-54;366;46311163
2023;Faixa etaria_legal;55-59;336;46311163
2023;Faixa etaria_legal;60-64;254;46311163
2023;Faixa etaria_legal;65-69;245;46311163
2023;Faixa etaria_legal;70-74;185;46311163
2023;Faixa etaria_legal;75-79;147;46311163
2023;Faixa etaria_legal;80 ou mais;165;46311163
2023;Faixa etaria_legal;NAO DISPONIVEL;306;46311163
2024;Faixa etaria_legal;0-17;206;45973194
2024;Faixa etaria_legal;18-24;993;45973194
2024;Faixa etaria_legal;25-29;674;45973194
2024;Faixa etaria_legal;30-34;528;45973194
2024;Faixa etaria_legal;35-39;537;45973194
2024;Faixa etaria_legal;40-44;551;45973194
2024;Faixa etaria_legal;45-49;463;45973194
2024;Faixa etaria_legal;50-54;380;45973194
2024;Faixa etaria_legal;55-59;378;45973194
2024;Faixa etaria_legal;60-64;358;45973194
2024;Faixa etaria_legal;65-69;277;45973194
2024;Faixa etaria_legal;70-74;211;45973194
2024;Faixa etaria_legal;75-79;171;45973194
2024;Faixa etaria_legal;80 ou mais;191;45973194
2024;Faixa etaria_legal;NAO DISPONIVEL;259;45973194
2025;Faixa etaria_legal;0-17;217;46081801
2025;Faixa etaria_legal;18-24;967;46081801
2025;Faixa etaria_legal;25-29;648;46081801
2025;Faixa etaria_legal;30-34;541;46081801
2025;Faixa etaria_legal;35-39;529;46081801
2025;Faixa etaria_legal;40-44;549;46081801
2025;Faixa etaria_legal;45-49;460;46081801
2025;Faixa etaria_legal;50-54;420;46081801
2025;Faixa etaria_legal;55-59;384;46081801
2025;Faixa etaria_legal;60-64;307;46081801
2025;Faixa etaria_legal;65-69;324;46081801
2025;Faixa etaria_legal;70-74;229;46081801
2025;Faixa etaria_legal;75-79;179;46081801
2025;Faixa etaria_legal;80 ou mais;189;46081801
2025;Faixa etaria_legal;NAO DISPONIVEL;182;46081801
2026;Faixa etaria_legal;0-17;100;46081801
2026;Faixa etaria_legal;18-24;445;46081801
2026;Faixa etaria_legal;25-29;312;46081801
2026;Faixa etaria_legal;30-34;241;46081801
2026;Faixa etaria_legal;35-39;226;46081801
2026;Faixa etaria_legal;40-44;275;46081801
2026;Faixa etaria_legal;45-49;246;46081801
2026;Faixa etaria_legal;50-54;164;46081801
2026;Faixa etaria_legal;55-59;180;46081801
2026;Faixa etaria_legal;60-64;169;46081801
2026;Faixa etaria_legal;65-69;112;46081801
2026;Faixa etaria_legal;70-74;118;46081801
2026;Faixa etaria_legal;75-79;66;46081801
2026;Faixa etaria_legal;80 ou mais;106;46081801
2026;Faixa etaria_legal;NAO DISPONIVEL;86;46081801
